link,property_id,locality_name,postal_code,price,type_of_property,subtype_of_property,number_of_rooms,living_area,furnished,open_fire,terrace_surface,garden,facades,swimming_pool,land_area,equipped_kitchen,state_of_building,type_of_sale,street,lon,lat
https://www.immoweb.be/en/classified/house/for-sale/tessenderlo/3980/20122629,20122629,Tessenderlo,3980,435000,HOUSE,HOUSE,4,218,,0,null,550,3,0,872,,AS_NEW,FOR_SALE,Tushoekstraat,5.129721,51.069352
https://www.immoweb.be/en/classified/villa/for-sale/beringen/3581/20082942,20082942,Beringen,3581,1075000,HOUSE,VILLA,6,424,,0,null,null,4,0,1248,,AS_NEW,FOR_SALE,Laardijkstraat,5.2234419,51.0836042
https://www.immoweb.be/en/classified/villa/for-sale/tessenderlo/3980/11344916,11344916,Tessenderlo,3980,989000,HOUSE,VILLA,5,457,,0,null,null,4,1,1000,,GOOD,FOR_SALE,Russelenberg,5.0751517,51.0624057
https://www.immoweb.be/en/classified/house/for-sale/tessenderlo/3980/20339155,20339155,Tessenderlo,3980,240000,HOUSE,HOUSE,3,143,,0,null,null,4,0,1147,,TO_BE_DONE_UP,FOR_SALE,Sparrenweg,5.0531001,51.0347642
https://www.immoweb.be/en/classified/exceptional-property/for-sale/scherpenheuvel-zichem/3270/20012791,20012791,Scherpenheuvel-Zichem,3270,620000,HOUSE,EXCEPTIONAL_PROPERTY,8,,,0,,null,4,0,2350,,TO_RENOVATE,FOR_SALE,Houwaartstraat,4.9425433,50.9638871
https://www.immoweb.be/en/classified/mixed-use-building/for-sale/hastiere/5540/10373302,10373302,Hastière,5540,150000,HOUSE,MIXED_USE_BUILDING,2,321,0,0,null,null,2,0,0,,TO_BE_DONE_UP,FOR_SALE,,,
https://www.immoweb.be/en/classified/house/for-sale/tielt-8700/8700/20127320,20127320,Tielt (8700),8700,443600,HOUSE,HOUSE,3,156,,0,,null,0,0,362,,GOOD,FOR_SALE,Weverijstraat,3.330747,50.9891736
https://www.immoweb.be/en/classified/chalet/for-sale/hastiere/5540/20405836,20405836,Hastière,5540,149000,HOUSE,CHALET,1,55,1,0,,200,4,0,299,,AS_NEW,FOR_SALE,Allée des Genêts,4.8327317,50.2211815
https://www.immoweb.be/en/classified/house/for-sale/tessenderlo/3980/20186484,20186484,Tessenderlo,3980,235000,HOUSE,HOUSE,4,187,0,0,,null,2,1,213,INSTALLED,TO_BE_DONE_UP,FOR_SALE,Schutpenning,5.1298655,51.07096259999999
https://www.immoweb.be/en/classified/apartment/for-sale/mortsel/2640/20218817,20218817,MORTSEL,2640,235000,APARTMENT,APARTMENT,1,68,,0,14,21,0,0,,INSTALLED,GOOD,FOR_SALE,Antwerpsestraat,4.4418729,51.1743709
https://www.immoweb.be/en/classified/house/for-sale/tessenderlo/3980/20367083,20367083,TESSENDERLO,3980,455000,HOUSE,HOUSE,4,211,,0,25,null,3,0,633,HYPER_EQUIPPED,,FOR_SALE,,,
https://www.immoweb.be/en/classified/chalet/for-sale/hastiere/5540/10160288,10160288,Hastiere,5540,80000,HOUSE,CHALET,3,60,,0,,null,3,0,500,,GOOD,FOR_SALE,,,
https://www.immoweb.be/en/classified/apartment/for-sale/meulebeke/8760/20408031,20408031,Meulebeke,8760,247500,APARTMENT,APARTMENT,2,,0,0,null,30,0,0,,,AS_NEW,FOR_SALE,Goethalsplaats,3.2867383,50.9507532
https://www.immoweb.be/en/classified/house/for-sale/deux-acren/7864/20402114,20402114,Deux-Acren,7864,425000,HOUSE,HOUSE,4,,,0,null,900,4,1,1391,SEMI_EQUIPPED,AS_NEW,FOR_SALE,Rue des Ames,3.8520674,50.7332568
https://www.immoweb.be/en/classified/apartment/for-sale/mortsel/2640/20184857,20184857,MORTSEL,2640,220000,APARTMENT,APARTMENT,2,78,,0,,null,2,0,,SEMI_EQUIPPED,TO_BE_DONE_UP,FOR_SALE,Mechelsesteenweg,4.4524272,51.1671687
https://www.immoweb.be/en/classified/house/for-sale/tessenderlo/3980/20185658,20185658,Tessenderlo,3980,295000,HOUSE,HOUSE,3,225,,0,,null,3,1,596,,AS_NEW,FOR_SALE,Engsbergseweg,5.0395272,51.0292192
https://www.immoweb.be/en/classified/apartment/for-sale/la-louviere-saint-vaast/7100/20408349,20408349,La Louvière Saint-Vaast,7100,229000,APARTMENT,APARTMENT,3,130,0,0,,null,4,0,,INSTALLED,GOOD,FOR_SALE,Rue Omer Thiriar,4.179346,50.4650143
https://www.immoweb.be/en/classified/mixed-use-building/for-sale/tielt/8700/20406605,20406605,Tielt,8700,397000,HOUSE,MIXED_USE_BUILDING,3,267,,1,null,null,3,0,320,INSTALLED,GOOD,FOR_SALE,Ieperstraat,3.3222824,50.9983119
https://www.immoweb.be/en/classified/house/for-sale/tielt/8700/20406901,20406901,Tielt,8700,292500,HOUSE,HOUSE,3,105,,0,9,null,2,0,62,,AS_NEW,FOR_SALE,Felix D'Hoopstraat,3.3362949,50.9983928
https://www.immoweb.be/en/classified/house/for-sale/meulebeke/8760/20401660,20401660,Meulebeke,8760,190000,HOUSE,HOUSE,3,,,0,null,20,3,0,90,,GOOD,FOR_SALE,Bruggesteenweg,3.2445482,50.96251609999999
https://www.immoweb.be/en/classified/house/for-sale/tessenderlo/3980/20008998,20008998,Tessenderlo,3980,239000,HOUSE,HOUSE,3,188,,0,null,null,3,0,824,,TO_RENOVATE,FOR_SALE,Schoterweg,5.0786166,51.0668684
https://www.immoweb.be/en/classified/house/for-sale/niel/2845/20407276,20407276,Niel,2845,469000,HOUSE,HOUSE,3,151,,0,,null,3,0,412,HYPER_EQUIPPED,,FOR_SALE,Legastraat,4.3330366,51.1023972
https://www.immoweb.be/en/classified/house/for-sale/la-louviere/7100/20407328,20407328,La Louvière,7100,160000,HOUSE,HOUSE,2,97,0,0,,null,2,1,174,HYPER_EQUIPPED,GOOD,FOR_SALE,Cour Rinchon,4.188441699999999,50.4811346
https://www.immoweb.be/en/classified/exceptional-property/for-sale/tessenderlo/3980/20367092,20367092,TESSENDERLO,3980,455000,HOUSE,EXCEPTIONAL_PROPERTY,4,211,,0,25,null,3,0,633,HYPER_EQUIPPED,,FOR_SALE,,,
https://www.immoweb.be/en/classified/house/for-sale/hastiere-lavaux/5540/11380552,11380552,HASTIÈRE-LAVAUX,5540,190000,HOUSE,HOUSE,3,270,,1,12,null,0,0,339,INSTALLED,GOOD,FOR_SALE,Rue Fernand Champt,4.823375599999999,50.2218274
https://www.immoweb.be/en/classified/house/for-sale/tessenderlo/3980/20112532,20112532,Tessenderlo,3980,235000,HOUSE,HOUSE,3,176,,0,,null,2,0,331,INSTALLED,,FOR_SALE,Schutpenning,5.129938,51.0709238
https://www.immoweb.be/en/classified/apartment/for-sale/tienen/3300/20407618,20407618,Tienen,3300,280000,APARTMENT,APARTMENT,2,84,0,0,12,null,2,1,,HYPER_EQUIPPED,GOOD,FOR_SALE,Abelenhof,4.954352999999999,50.814969
https://www.immoweb.be/en/classified/house/for-sale/lubbeek/3210/20406999,20406999,Lubbeek,3210,499000,HOUSE,HOUSE,4,211,,0,null,null,4,0,878,,AS_NEW,FOR_SALE,Heidebloemstraat,4.785281200000001,50.8899061
https://www.immoweb.be/en/classified/house/for-sale/oudenaarde/9700/20408360,20408360,OUDENAARDE,9700,415000,HOUSE,HOUSE,5,232,,0,null,null,0,0,236,SEMI_EQUIPPED,GOOD,FOR_SALE,Stijn Streuvelsstraat,3.6096935,50.8390686
https://www.immoweb.be/en/classified/apartment/for-sale/tienen/3300/20407619,20407619,Tienen,3300,249000,APARTMENT,APARTMENT,1,56,0,0,6,null,2,1,,,AS_NEW,FOR_SALE,Abelenhof,4.954755,50.813964
https://www.immoweb.be/en/classified/apartment/for-sale/oudenaarde/9700/20408369,20408369,OUDENAARDE,9700,348000,APARTMENT,APARTMENT,3,120,,0,null,null,4,0,,SEMI_EQUIPPED,GOOD,FOR_SALE,Aalststraat,3.6199122,50.8470777
https://www.immoweb.be/en/classified/exceptional-property/for-sale/oudenaarde/9700/20408368,20408368,OUDENAARDE,9700,389000,HOUSE,EXCEPTIONAL_PROPERTY,4,333,,0,null,700,3,0,980,SEMI_EQUIPPED,TO_RENOVATE,FOR_SALE,Graaf van Landaststraat,3.6203508,50.8706469
https://www.immoweb.be/en/classified/apartment/for-sale/sint-denijs-westrem/9051/20407411,20407411,Sint-Denijs-Westrem,9051,355000,APARTMENT,APARTMENT,3,101,0,0,13,null,0,0,,HYPER_EQUIPPED,GOOD,FOR_SALE,Raymonde de Larochelaan,3.696983,51.0274241
https://www.immoweb.be/en/classified/house/for-sale/gent-mariakerke/9030/20407984,20407984,Gent Mariakerke,9030,620000,HOUSE,HOUSE,4,265,0,0,30,478,3,1,629,HYPER_EQUIPPED,GOOD,FOR_SALE,Brugsevaart,3.6790678,51.0777017
https://www.immoweb.be/en/classified/apartment/for-sale/sint-denijs-westrem/9051/20407384,20407384,Sint-Denijs-Westrem,9051,235000,APARTMENT,APARTMENT,1,59,0,0,10,null,0,0,,HYPER_EQUIPPED,GOOD,FOR_SALE,Raymonde de Larochelaan,3.696983,51.0274241
https://www.immoweb.be/en/classified/apartment/for-sale/sint-denijs-westrem/9051/20407417,20407417,Sint-Denijs-Westrem,9051,365000,APARTMENT,APARTMENT,3,101,0,0,13,null,0,0,,HYPER_EQUIPPED,GOOD,FOR_SALE,Raymonde de Larochelaan,3.696983,51.0274241
https://www.immoweb.be/en/classified/house/for-sale/oudenaarde/9700/20408061,20408061,Oudenaarde,9700,298000,HOUSE,HOUSE,4,150,0,0,,null,3,0,229,,,FOR_SALE,Marlboroughlaan,3.6110438,50.8450015
https://www.immoweb.be/en/classified/house/for-sale/mechelen/2800/20407689,20407689,MECHELEN,2800,488000,HOUSE,HOUSE,4,187,,0,20,373,0,0,482,INSTALLED,GOOD,FOR_SALE,Berendansstraat,4.4896666,51.03722550000001
https://www.immoweb.be/en/classified/house/for-sale/ichtegem/8480/20407710,20407710,Ichtegem,8480,175000,HOUSE,HOUSE,3,155,0,0,26,null,2,1,120,NOT_INSTALLED,TO_RENOVATE,FOR_SALE,Rommelstraat,3.0231346,51.1295161
https://www.immoweb.be/en/classified/house/for-sale/gits/8830/20242792,20242792,Gits,8830,349000,HOUSE,HOUSE,3,285,0,0,,null,0,0,982,INSTALLED,GOOD,FOR_SALE,Bruggesteenweg,3.1135621,51.0133915
https://www.immoweb.be/en/classified/apartment/for-sale/herentals/2200/20408332,20408332,HERENTALS,2200,259000,APARTMENT,APARTMENT,1,91,,0,40,null,3,0,,INSTALLED,AS_NEW,FOR_SALE,Bovenrij,4.8379965,51.174811
https://www.immoweb.be/en/classified/house/for-sale/oudenaarde/9700/20408068,20408068,Oudenaarde,9700,430000,HOUSE,HOUSE,3,156,0,0,,null,3,0,516,,,FOR_SALE,Axelwalle,3.6221502,50.899144
https://www.immoweb.be/en/classified/apartment/for-sale/sint-denijs-westrem/9051/20407432,20407432,Sint-Denijs-Westrem,9051,370000,APARTMENT,APARTMENT,2,100,0,0,10,null,0,0,,HYPER_EQUIPPED,GOOD,FOR_SALE,Raymonde de Larochelaan,3.696983,51.0274241
https://www.immoweb.be/en/classified/apartment/for-sale/tienen/3300/20407620,20407620,Tienen,3300,229000,APARTMENT,APARTMENT,1,56,0,0,6,null,2,1,,,AS_NEW,FOR_SALE,Abelenhof,4.954755,50.813964
https://www.immoweb.be/en/classified/town-house/for-sale/merksem/2170/20246399,20246399,MERKSEM,2170,349000,HOUSE,TOWN_HOUSE,3,193,,0,null,53,2,0,135,INSTALLED,TO_BE_DONE_UP,FOR_SALE,Bredabaan,4.4569918,51.25249789999999
https://www.immoweb.be/en/classified/country-cottage/for-sale/sint-denijs/8554/20408046,20408046,SINT-DENIJS,8554,485000,HOUSE,COUNTRY_COTTAGE,2,170,,0,,null,3,0,852,INSTALLED,GOOD,FOR_SALE,Kooigemstraat,3.3455148,50.74688889999999
https://www.immoweb.be/en/classified/apartment/for-sale/woluwe-saint-pierre/1150/20407785,20407785,Woluwe-Saint-Pierre,1150,875000,APARTMENT,APARTMENT,3,147,1,0,13,null,2,1,,HYPER_EQUIPPED,AS_NEW,FOR_SALE,Avenue de Tervueren,4.413334499999999,50.8358174
https://www.immoweb.be/en/classified/house/for-sale/antwerpen/2170/20317611,20317611,Antwerpen,2170,379000,HOUSE,HOUSE,3,140,0,0,null,33,2,1,80,INSTALLED,GOOD,FOR_SALE,Van Heybeeckstraat,4.4481288,51.2466594
https://www.immoweb.be/en/classified/apartment/for-sale/merksem/2170/20408234,20408234,MERKSEM,2170,272000,APARTMENT,APARTMENT,3,128,,0,null,null,3,0,,,GOOD,FOR_SALE,Bredabaan,4.4551102,51.2507248
https://www.immoweb.be/en/classified/house/for-sale/uccle/1180/20407905,20407905,Uccle,1180,495000,HOUSE,HOUSE,3,140,0,0,32,75,2,1,125,INSTALLED,TO_RENOVATE,FOR_SALE,Rue Emile Lecomte,4.3438314,50.81056359999999
https://www.immoweb.be/en/classified/apartment/for-sale/merksem/2170/11455467,11455467,Merksem,2170,185000,APARTMENT,APARTMENT,3,76,,0,1,null,0,0,,INSTALLED,GOOD,FOR_SALE,Roederdelft,4.4313479,51.2405984
https://www.immoweb.be/en/classified/apartment/for-sale/sint-denijs-westrem/9051/20407367,20407367,Sint-Denijs-Westrem,9051,260000,APARTMENT,APARTMENT,1,76,0,0,12,null,0,0,,HYPER_EQUIPPED,GOOD,FOR_SALE,Raymonde de Larochelaan,3.696983,51.0274241
https://www.immoweb.be/en/classified/apartment/for-sale/merksem/2170/20407203,20407203,Merksem,2170,209000,APARTMENT,APARTMENT,2,137,,0,3,null,2,0,,SEMI_EQUIPPED,TO_BE_DONE_UP,FOR_SALE,Bredabaan,4.4551355,51.2508298
https://www.immoweb.be/en/classified/apartment/for-sale/merksem/2170/20252236,20252236,MERKSEM,2170,219000,APARTMENT,APARTMENT,2,141,,0,,null,3,0,,INSTALLED,TO_BE_DONE_UP,FOR_SALE,Laarsebaan,4.432089899999999,51.2471628
https://www.immoweb.be/en/classified/apartment/for-sale/grembergen/9200/20407558,20407558,Grembergen,9200,278000,APARTMENT,APARTMENT,2,165,,0,30,30,4,0,,INSTALLED,GOOD,FOR_SALE,Grootzand,4.1068559,51.0459872
https://www.immoweb.be/en/classified/ground-floor/for-sale/antwerpen/2170/20283665,20283665,ANTWERPEN,2170,299900,APARTMENT,GROUND_FLOOR,3,125,,0,null,150,2,0,,INSTALLED,JUST_RENOVATED,FOR_SALE,Victor Govaerslaan,4.433835999999999,51.2572238
https://www.immoweb.be/en/classified/house/for-sale/oudenaarde/9700/20408067,20408067,Oudenaarde,9700,435000,HOUSE,HOUSE,3,156,0,0,,null,3,0,512,,,FOR_SALE,Axelwalle,3.6221502,50.899144
https://www.immoweb.be/en/classified/apartment/for-sale/sint-denijs-westrem/9051/20407392,20407392,Sint-Denijs-Westrem,9051,320000,APARTMENT,APARTMENT,2,76,0,0,12,null,0,0,,HYPER_EQUIPPED,GOOD,FOR_SALE,Raymonde de Larochelaan,3.696983,51.0274241
https://www.immoweb.be/en/classified/house/for-sale/seraing/4101/20407176,20407176,Seraing,4101,199000,HOUSE,HOUSE,5,180,0,0,56,60,2,1,165,INSTALLED,GOOD,FOR_SALE,Rue d'Ordange,5.5003236,50.6175416
https://www.immoweb.be/en/classified/house/for-sale/oudenaarde/9700/20408065,20408065,Oudenaarde,9700,450000,HOUSE,HOUSE,3,168,0,0,,null,3,0,640,,,FOR_SALE,Axelwalle,3.6221502,50.899144
https://www.immoweb.be/en/classified/apartment/for-sale/sint-denijs-westrem/9051/20407428,20407428,Sint-Denijs-Westrem,9051,390000,APARTMENT,APARTMENT,2,96,0,0,16,null,0,0,,HYPER_EQUIPPED,GOOD,FOR_SALE,Raymonde de Larochelaan,3.696983,51.0274241
https://www.immoweb.be/en/classified/house/for-sale/oudenaarde/9700/20408069,20408069,Oudenaarde,9700,445000,HOUSE,HOUSE,3,201,0,0,,null,3,0,514,,,FOR_SALE,Axelwalle,3.6221502,50.899144
https://www.immoweb.be/en/classified/apartment/for-sale/sint-denijs-westrem/9051/20407383,20407383,Sint-Denijs-Westrem,9051,325000,APARTMENT,APARTMENT,1,81,0,0,13,null,0,0,,HYPER_EQUIPPED,GOOD,FOR_SALE,Raymonde de Larochelaan,3.696983,51.0274241
https://www.immoweb.be/en/classified/house/for-sale/borgerhout/2140/20406735,20406735,BORGERHOUT,2140,389900,HOUSE,HOUSE,3,150,,0,5,19,2,0,80,HYPER_EQUIPPED,JUST_RENOVATED,FOR_SALE,Kroonstraat,4.4293732,51.21248509999999
https://www.immoweb.be/en/classified/house/for-sale/oudenaarde/9700/20408066,20408066,Oudenaarde,9700,435000,HOUSE,HOUSE,3,156,0,0,,null,3,0,538,,,FOR_SALE,Axelwalle,3.6221502,50.899144
https://www.immoweb.be/en/classified/town-house/for-sale/merksem/2170/20352962,20352962,MERKSEM,2170,364000,HOUSE,TOWN_HOUSE,2,198,,0,null,83,2,0,151,INSTALLED,GOOD,FOR_SALE,Terlindenhofstraat,4.443709999999999,51.2470793
https://www.immoweb.be/en/classified/villa/for-sale/oudenaarde/9700/20214737,20214737,Oudenaarde,9700,580000,HOUSE,VILLA,4,200,0,0,,null,4,0,1077,,,FOR_SALE,Kortrijkstraat,3.5741175,50.8406797
https://www.immoweb.be/en/classified/apartment/for-sale/sint-denijs-westrem/9051/20407357,20407357,Sint-Denijs-Westrem,9051,380000,APARTMENT,APARTMENT,2,99,0,0,10,null,0,0,,HYPER_EQUIPPED,GOOD,FOR_SALE,Raymonde de Larochelaan,3.696983,51.0274241
https://www.immoweb.be/en/classified/apartment/for-sale/sint-denijs-westrem/9051/20407374,20407374,Sint-Denijs-Westrem,9051,250000,APARTMENT,APARTMENT,1,59,0,0,10,null,0,0,,HYPER_EQUIPPED,GOOD,FOR_SALE,Raymonde de Larochelaan,3.696983,51.0274241
https://www.immoweb.be/en/classified/apartment/for-sale/woluwe-saint-pierre/1150/20396850,20396850,Woluwe-Saint-Pierre,1150,375000,APARTMENT,APARTMENT,1,81,0,0,8,null,2,1,,,AS_NEW,FOR_SALE,Av. de Tervueren,4.413832,50.8355883
https://www.immoweb.be/en/classified/apartment-block/for-sale/hooglede/8830/20034282,20034282,Hooglede,8830,749000,HOUSE,APARTMENT_BLOCK,5,240,,0,null,null,0,0,3410,,GOOD,FOR_SALE,Bruggestraat,3.0938565,50.9828074
https://www.immoweb.be/en/classified/apartment/for-sale/balen/2490/20408197,20408197,Balen,2490,447000,APARTMENT,APARTMENT,2,154,,1,79,null,3,1,,,AS_NEW,FOR_SALE,Molenstraat,5.170742600000001,51.1719344
https://www.immoweb.be/en/classified/house/for-sale/berlare/9290/20408200,20408200,Berlare,9290,540000,HOUSE,HOUSE,3,188,0,0,17,null,3,1,634,,GOOD,FOR_SALE,Pastoor Christiaensstraat,4.0074141,51.0130552
https://www.immoweb.be/en/classified/chalet/for-sale/erezee-soy/6997/20159698,20159698,Erezée Soy,6997,209000,HOUSE,CHALET,2,52,1,0,42,700,4,1,1010,INSTALLED,AS_NEW,FOR_SALE,Chemin des Fontaines,5.4735741,50.293464
https://www.immoweb.be/en/classified/house/for-sale/floriffoux/5150/20404015,20404015,Floriffoux,5150,675000,HOUSE,HOUSE,4,270,,1,40,2180,4,0,2870,INSTALLED,JUST_RENOVATED,FOR_SALE,Rue Juste Chaput,4.7538152,50.4495904
https://www.immoweb.be/en/classified/house/for-sale/berlare/9290/20405652,20405652,Berlare,9290,579000,HOUSE,HOUSE,3,155,0,0,50,312,4,1,397,INSTALLED,AS_NEW,FOR_SALE,Wilgenpark,3.9551865,51.045777
https://www.immoweb.be/en/classified/house/for-sale/oosterzele/9860/20402377,20402377,Oosterzele,9860,750000,HOUSE,HOUSE,2,238,0,0,null,1223,0,0,3158,INSTALLED,GOOD,FOR_SALE,Houtemstraat,3.8258045,50.9393216
https://www.immoweb.be/en/classified/house/for-sale/berzee/5651/20222188,20222188,Berzée,5651,290000,HOUSE,HOUSE,5,181,0,0,null,null,4,1,2037,,,FOR_SALE,Rue du faubourg,4.4035593,50.288466
https://www.immoweb.be/en/classified/house/for-sale/erezee/6997/20155672,20155672,EREZÉE,6997,235000,HOUSE,HOUSE,3,139,,0,40,1008,4,0,1008,INSTALLED,GOOD,FOR_SALE,Rue Birondai,5.4818544,50.30828469999999
https://www.immoweb.be/en/classified/house/for-sale/berlare/9290/20399200,20399200,Berlare,9290,475000,HOUSE,HOUSE,4,231,0,0,null,null,4,1,583,HYPER_EQUIPPED,AS_NEW,FOR_SALE,Molenvenne,4.0043543,51.0167446
https://www.immoweb.be/en/classified/flat-studio/for-sale/halle/1502/20269168,20269168,Halle,1502,99000,APARTMENT,FLAT_STUDIO,1,36,,0,null,null,2,1,,SEMI_EQUIPPED,TO_BE_DONE_UP,FOR_SALE,Stokerijstraat,4.222611,50.7148007
https://www.immoweb.be/en/classified/house/for-sale/kortemark/8610/20406617,20406617,Kortemark,8610,229000,HOUSE,HOUSE,4,256,,0,,null,4,0,633,,TO_RESTORE,FOR_SALE,Staatsbaan,2.9695794,51.0192121
https://www.immoweb.be/en/classified/house/for-sale/oosterzele/9860/20402329,20402329,Oosterzele,9860,475000,HOUSE,HOUSE,2,238,0,0,null,1223,0,0,2185,INSTALLED,GOOD,FOR_SALE,Houtemstraat,3.8258045,50.9393216
https://www.immoweb.be/en/classified/house/for-sale/uitbergen/9290/20407158,20407158,Uitbergen,9290,298500,HOUSE,HOUSE,3,130,,0,10,null,9,0,925,,TO_RENOVATE,FOR_SALE,Groenstraat,3.9578634,51.0241518
https://www.immoweb.be/en/classified/house/for-sale/handzame/8610/20408003,20408003,Handzame,8610,259000,HOUSE,HOUSE,4,159,,0,,null,2,0,94,,AS_NEW,FOR_SALE,Kronevoordestraat,3.0040052,51.0213098
https://www.immoweb.be/en/classified/house/for-sale/wellin/6920/20401959,20401959,WELLIN,6920,330000,HOUSE,HOUSE,4,150,,0,40,1030,4,0,1030,INSTALLED,,FOR_SALE,,,
https://www.immoweb.be/en/classified/apartment/for-sale/binche/7130/20403059,20403059,Binche,7130,349000,APARTMENT,APARTMENT,6,,,0,null,null,3,1,,,GOOD,FOR_SALE,Rue de Sebille,4.1751947,50.4112179
https://www.immoweb.be/en/classified/apartment/for-sale/woluwe-saint-lambert/1200/20406894,20406894,Woluwe-Saint-Lambert,1200,415000,APARTMENT,APARTMENT,2,93,1,0,16,null,2,1,,HYPER_EQUIPPED,AS_NEW,FOR_SALE,Avenue du Yorkshire,4.429067499999999,50.85445499999999
https://www.immoweb.be/en/classified/house/for-sale/tournai/7500/20407265,20407265,Tournai,7500,540000,HOUSE,HOUSE,6,336,0,0,50,519,3,1,519,INSTALLED,AS_NEW,FOR_SALE,,,
https://www.immoweb.be/en/classified/house/for-sale/waterloo/1410/20406666,20406666,Waterloo,1410,319000,HOUSE,HOUSE,3,108,0,0,25,null,2,1,106,INSTALLED,TO_BE_DONE_UP,FOR_SALE,Rue Patiaux,4.3695084,50.7077295
https://www.immoweb.be/en/classified/penthouse/for-sale/woluwe-saint-lambert/1200/20316400,20316400,Woluwe-Saint-Lambert,1200,790000,APARTMENT,PENTHOUSE,3,180,0,0,30,null,2,1,,HYPER_EQUIPPED,AS_NEW,FOR_SALE,Avenue Marcel Thiry,4.435569399999999,50.8562935
https://www.immoweb.be/en/classified/apartment/for-sale/dilbeek/1700/20003473,20003473,DILBEEK,1700,284000,APARTMENT,APARTMENT,1,73,,0,9,null,2,0,,INSTALLED,GOOD,FOR_SALE,Hendrik Placestraat,4.2451735,50.8697136
https://www.immoweb.be/en/classified/ground-floor/for-sale/oud-turnhout/2360/11332347,11332347,OUD-TURNHOUT,2360,300000,APARTMENT,GROUND_FLOOR,2,106,,0,13,null,0,0,,INSTALLED,,FOR_SALE,Neerstraat,4.9875192,51.3119049
https://www.immoweb.be/en/classified/apartment/for-sale/tournai/7500/20406942,20406942,Tournai,7500,795000,APARTMENT,APARTMENT,3,258,,0,25,null,2,1,,INSTALLED,AS_NEW,FOR_SALE,,,
https://www.immoweb.be/en/classified/apartment/for-sale/pont-a-celles/6230/20342478,20342478,Pont-à-Celles,6230,246500,APARTMENT,APARTMENT,2,86,0,0,8,null,4,1,,,GOOD,FOR_SALE,Les Terrasses de Cossu'Veille,4.3459198,50.5258397
https://www.immoweb.be/en/classified/apartment/for-sale/pont-a-celles/6230/20340969,20340969,Pont-à-Celles,6230,188500,APARTMENT,APARTMENT,1,64,0,0,6,null,4,1,,,GOOD,FOR_SALE,Les Terrasses de Cossu'Veille,4.3459198,50.5258397
https://www.immoweb.be/en/classified/house/for-sale/wemmel/1780/20404618,20404618,Wemmel,1780,621347,HOUSE,HOUSE,4,215,0,0,40,287,3,1,352,HYPER_EQUIPPED,AS_NEW,FOR_SALE,Dijck,4.3017118,50.8999232
https://www.immoweb.be/en/classified/house/for-sale/namur/5000/20408383,20408383,NAMUR,5000,430000,HOUSE,HOUSE,3,153,,0,,215,3,0,390,,AS_NEW,FOR_SALE,,,
https://www.immoweb.be/en/classified/penthouse/for-sale/juprelle/4458/11128573,11128573,Juprelle,4458,391887,APARTMENT,PENTHOUSE,3,164,0,0,17,null,3,1,,INSTALLED,GOOD,FOR_SALE,Rue Toussaint,5.5783228,50.7171712
https://www.immoweb.be/en/classified/mansion/for-sale/tournai/7500/20406940,20406940,TOURNAI,7500,575000,HOUSE,MANSION,6,767,0,0,,250,2,1,579,,TO_RENOVATE,FOR_SALE,,,
https://www.immoweb.be/en/classified/house/for-sale/stabroek/2940/20407945,20407945,Stabroek,2940,189000,HOUSE,HOUSE,3,125,,0,9,null,2,0,63,SEMI_EQUIPPED,GOOD,FOR_SALE,Hooghuisstraat,4.4048997,51.307766
https://www.immoweb.be/en/classified/villa/for-sale/geraardsbergen-moerbeke/9500/20407929,20407929,Geraardsbergen Moerbeke,9500,364000,HOUSE,VILLA,3,177,0,0,,null,3,1,451,HYPER_EQUIPPED,AS_NEW,FOR_SALE,Brouwketelstraat,3.9263256,50.753754
https://www.immoweb.be/en/classified/apartment/for-sale/houthalen/3530/20318899,20318899,HOUTHALEN,3530,242798,APARTMENT,APARTMENT,2,87,,0,11,null,2,0,,INSTALLED,,FOR_SALE,Limburgplein,5.338069,50.9277923
https://www.immoweb.be/en/classified/house/for-sale/geraardsbergen/9500/20406982,20406982,Geraardsbergen,9500,275000,HOUSE,HOUSE,3,190,0,0,null,null,4,1,831,INSTALLED,TO_BE_DONE_UP,FOR_SALE,Ninoofsestraat,3.9266407,50.8029603
https://www.immoweb.be/en/classified/house/for-sale/ronse/9600/20408064,20408064,Ronse,9600,317500,HOUSE,HOUSE,3,125,0,0,20,null,3,0,379,,,FOR_SALE,Molekensstraat,3.5785578,50.7536199
https://www.immoweb.be/en/classified/apartment/for-sale/blankenberge/8370/20407471,20407471,Blankenberge,8370,99000,APARTMENT,APARTMENT,1,35,1,0,null,null,2,1,,INSTALLED,GOOD,FOR_SALE,Onze Lieve Vrouwestraat,3.1342888,51.316605
https://www.immoweb.be/en/classified/apartment/for-sale/houthalen/3530/20318894,20318894,HOUTHALEN,3530,271580,APARTMENT,APARTMENT,3,97,,0,12,null,2,0,,INSTALLED,,FOR_SALE,Limburgplein,5.3382808,50.9279334
https://www.immoweb.be/en/classified/house/for-sale/hastiere-par-dela/5541/20407570,20407570,HASTIÈRE-PAR-DELÀ,5541,126000,HOUSE,HOUSE,2,55,,0,25,null,3,0,42,,JUST_RENOVATED,FOR_SALE,,,
https://www.immoweb.be/en/classified/mansion/for-sale/ronse/9600/20361195,20361195,Ronse,9600,309000,HOUSE,MANSION,4,232,0,0,12,158,2,1,310,INSTALLED,JUST_RENOVATED,FOR_SALE,Ives-Sabin Maghermanlaan,3.5921282,50.74778269999999
https://www.immoweb.be/en/classified/apartment/for-sale/middelkerke/8430/20407165,20407165,MIDDELKERKE,8430,265000,APARTMENT,APARTMENT,2,82,,0,,null,0,0,,INSTALLED,TO_BE_DONE_UP,FOR_SALE,Leopoldlaan,2.8120177,51.1864467
https://www.immoweb.be/en/classified/house/for-sale/ieper/8900/20366401,20366401,Ieper,8900,295000,HOUSE,HOUSE,3,190,,0,,null,0,0,147,,GOOD,FOR_SALE,Korte Torhoutstraat,2.8884733,50.8522203
https://www.immoweb.be/en/classified/house/for-sale/dinant/5500/20407090,20407090,DINANT,5500,225000,HOUSE,HOUSE,2,145,,1,null,null,2,0,0,INSTALLED,JUST_RENOVATED,FOR_SALE,,,
https://www.immoweb.be/en/classified/apartment/for-sale/houthalen-helchteren/3530/20366520,20366520,Houthalen-Helchteren,3530,275000,APARTMENT,APARTMENT,3,155,,0,,null,2,0,,,GOOD,FOR_SALE,Kazernelaan,5.385776400000001,51.0562769
https://www.immoweb.be/en/classified/house/for-sale/stabroek/2940/20404621,20404621,Stabroek,2940,199000,HOUSE,HOUSE,2,75,,0,null,null,3,0,320,,TO_RENOVATE,FOR_SALE,Molenstraat,4.4121466,51.3090092
https://www.immoweb.be/en/classified/villa/for-sale/geraardsbergen-moerbeke/9500/20407944,20407944,Geraardsbergen Moerbeke,9500,359000,HOUSE,VILLA,3,177,0,0,,null,3,1,365,HYPER_EQUIPPED,AS_NEW,FOR_SALE,Brouwketelstraat,3.9263263,50.75366959999999
https://www.immoweb.be/en/classified/house/for-sale/ronse/9600/20408062,20408062,Ronse,9600,305000,HOUSE,HOUSE,3,125,0,0,20,null,3,0,469,,,FOR_SALE,Molekensstraat,3.5784114,50.7531055
https://www.immoweb.be/en/classified/flat-studio/for-sale/middelkerke/8430/20407154,20407154,Middelkerke,8430,139000,APARTMENT,FLAT_STUDIO,0,35,,0,,null,0,0,,,JUST_RENOVATED,FOR_SALE,Westendelaan,2.8011915,51.1774064
https://www.immoweb.be/en/classified/house/for-sale/herentals/2200/20318686,20318686,Herentals,2200,495000,HOUSE,HOUSE,4,246,,0,,null,4,0,1518,SEMI_EQUIPPED,TO_RENOVATE,FOR_SALE,Herenthoutseweg,4.8225711,51.162775
https://www.immoweb.be/en/classified/villa/for-sale/liege/4000/20406604,20406604,Liège,4000,469000,HOUSE,VILLA,3,300,,0,10,350,3,1,639,USA_INSTALLED,AS_NEW,FOR_SALE,Chaussée De Tongres,5.543979999999999,50.6794599
https://www.immoweb.be/en/classified/house/for-sale/blegny/4671/20406768,20406768,Blégny,4671,650000,HOUSE,HOUSE,3,,,1,null,null,4,1,4391,,GOOD,FOR_SALE,Route De Parfondvaux,5.6825696,50.6436971
https://www.immoweb.be/en/classified/exceptional-property/for-sale/liege/4000/20407305,20407305,Liège,4000,1399000,HOUSE,EXCEPTIONAL_PROPERTY,1,983,0,0,null,null,2,1,355,,GOOD,FOR_SALE,Rue de la Régence 12 - 14,5.5735687,50.6426425
https://www.immoweb.be/en/classified/apartment/for-sale/jette/1090/20402648,20402648,Jette,1090,199000,APARTMENT,APARTMENT,2,76,0,0,11,null,0,0,,SEMI_EQUIPPED,TO_BE_DONE_UP,FOR_SALE,Avenue de l'Arbre Ballon,4.3219924,50.8936733
https://www.immoweb.be/en/classified/apartment/for-sale/laeken/1020/20406328,20406328,Laeken,1020,220000,APARTMENT,APARTMENT,3,100,0,0,17,null,2,1,,NOT_INSTALLED,TO_RENOVATE,FOR_SALE,avenue du mutsaard,4.3600544,50.89935819999999
https://www.immoweb.be/en/classified/apartment/for-sale/jette/1090/10836496,10836496,Jette,1090,230000,APARTMENT,APARTMENT,2,85,0,0,2,null,2,1,,INSTALLED,GOOD,FOR_SALE,Avenue Charles Woeste,4.3331642,50.878058
https://www.immoweb.be/en/classified/apartment/for-sale/roeselare/8800/20408219,20408219,Roeselare,8800,239000,APARTMENT,APARTMENT,3,130,,0,16,null,2,1,,HYPER_EQUIPPED,AS_NEW,FOR_SALE,Beversesteenweg,3.1316672,50.9513703
https://www.immoweb.be/en/classified/loft/for-sale/jette/1090/9437761,9437761,Jette,1090,395000,APARTMENT,LOFT,4,179,0,0,11,200,2,1,,HYPER_EQUIPPED,GOOD,FOR_SALE,-,4.3173436,50.8854006
https://www.immoweb.be/en/classified/apartment/for-sale/roeselare/8800/20407857,20407857,Roeselare,8800,239000,APARTMENT,APARTMENT,2,90,,0,4,null,3,0,,,GOOD,FOR_SALE,Koning Albert I-laan,3.1299249,50.940624
https://www.immoweb.be/en/classified/apartment/for-sale/roeselare/8800/20407858,20407858,Roeselare,8800,255000,APARTMENT,APARTMENT,2,90,,0,4,null,3,0,,,GOOD,FOR_SALE,Koning Albert I-Laan,3.1299249,50.940624
https://www.immoweb.be/en/classified/apartment/for-sale/laeken/1020/20406322,20406322,Laeken,1020,195000,APARTMENT,APARTMENT,1,60,0,0,30,null,2,1,,INSTALLED,GOOD,FOR_SALE,avenue des pagodes,4.3624731,50.8956668
https://www.immoweb.be/en/classified/mixed-use-building/for-sale/jette/1090/11128643,11128643,Jette,1090,1250000,HOUSE,MIXED_USE_BUILDING,8,350,0,0,,null,2,1,200,INSTALLED,GOOD,FOR_SALE,Avenue de Jette,4.326553,50.868513
https://www.immoweb.be/en/classified/mixed-use-building/for-sale/sint-truiden/3800/20407435,20407435,Sint-Truiden,3800,640000,HOUSE,MIXED_USE_BUILDING,4,152,0,0,,null,2,1,270,HYPER_EQUIPPED,,FOR_SALE,Luikerstraat,5.1883839,50.8135436
https://www.immoweb.be/en/classified/loft/for-sale/jette/1090/9332176,9332176,Jette,1090,395000,APARTMENT,LOFT,4,179,0,0,11,200,2,1,,HYPER_EQUIPPED,GOOD,FOR_SALE,-,4.3173436,50.8854006
https://www.immoweb.be/en/classified/apartment/for-sale/wilrijk/2610/20407150,20407150,Wilrijk,2610,210000,APARTMENT,APARTMENT,2,81,,0,null,null,2,0,,,TO_BE_DONE_UP,FOR_SALE,Pastoor Bauwenslaan,4.3806578,51.17816699999999
https://www.immoweb.be/en/classified/duplex/for-sale/jette/1090/11311357,11311357,Jette,1090,310000,APARTMENT,DUPLEX,3,120,,0,null,null,2,1,,,AS_NEW,FOR_SALE,Rue René Reniers - René Reniersstraat,4.321962,50.8839684
https://www.immoweb.be/en/classified/apartment/for-sale/heist-aan-zee/8301/20402883,20402883,Heist-aan-Zee,8301,895000,APARTMENT,APARTMENT,2,102,0,0,13,null,2,0,,HYPER_EQUIPPED,GOOD,FOR_SALE,Zeedijk-Heist,3.2329538,51.34025159999999
https://www.immoweb.be/en/classified/apartment/for-sale/laeken/1020/20406327,20406327,Laeken,1020,219000,APARTMENT,APARTMENT,2,80,0,0,6,null,2,1,,SEMI_EQUIPPED,GOOD,FOR_SALE,Avenue Mutsaard,4.3582903,50.9010388
https://www.immoweb.be/en/classified/duplex/for-sale/laeken/1020/20406806,20406806,Laeken,1020,265000,APARTMENT,DUPLEX,1,91,0,0,4,null,2,1,,INSTALLED,AS_NEW,FOR_SALE,Rue Mode Vliebergh,4.345491,50.879805
https://www.immoweb.be/en/classified/villa/for-sale/rixensart/1330/20407627,20407627,Rixensart,1330,845000,HOUSE,VILLA,3,300,0,0,1,1300,4,1,1523,HYPER_EQUIPPED,AS_NEW,FOR_SALE,,,
https://www.immoweb.be/en/classified/apartment/for-sale/leuven/3010/20407001,20407001,Leuven,3010,225000,APARTMENT,APARTMENT,2,81,,0,2,null,2,0,,,TO_RENOVATE,FOR_SALE,Leuvensestraat,4.7170193,50.884333
https://www.immoweb.be/en/classified/apartment/for-sale/westende/8434/20406946,20406946,Westende,8434,495000,APARTMENT,APARTMENT,3,104,1,0,,null,0,0,,,JUST_RENOVATED,FOR_SALE,Zeedijk,2.7835359,51.1746784
https://www.immoweb.be/en/classified/apartment/for-sale/leuven-kessel-lo/3010/20270574,20270574,Leuven Kessel-Lo,3010,315000,APARTMENT,APARTMENT,2,90,,0,12,null,2,0,,INSTALLED,JUST_RENOVATED,FOR_SALE,Diestsesteenweg,4.7365354,50.8854997
https://www.immoweb.be/en/classified/apartment/for-sale/ixelles/1050/20329606,20329606,Ixelles,1050,350000,APARTMENT,APARTMENT,3,100,0,0,9,null,2,1,,INSTALLED,TO_BE_DONE_UP,FOR_SALE,Avenue de l'Hippodrome,4.3752884,50.8219603
https://www.immoweb.be/en/classified/apartment/for-sale/leuven-kessel-lo/3010/20303213,20303213,Leuven Kessel-Lo,3010,342000,APARTMENT,APARTMENT,2,92,0,0,null,null,0,0,,HYPER_EQUIPPED,GOOD,FOR_SALE,Kesseldallaan,4.721115699999999,50.9034665
https://www.immoweb.be/en/classified/apartment/for-sale/leopoldsburg/3970/20408344,20408344,Leopoldsburg,3970,280000,APARTMENT,APARTMENT,2,127,,0,8,null,2,1,,HYPER_EQUIPPED,AS_NEW,FOR_SALE,Generaal de Krahéstraat,5.2624445,51.1209413
https://www.immoweb.be/en/classified/house/for-sale/zwalm/9630/20405654,20405654,Zwalm,9630,398000,HOUSE,HOUSE,2,145,0,0,,null,4,0,904,,GOOD,FOR_SALE,Heufkensstraat,3.7070415,50.8702619
https://www.immoweb.be/en/classified/house/for-sale/beauraing/5570/20403011,20403011,Beauraing,5570,299000,HOUSE,HOUSE,3,160,,0,1,1,3,1,492,INSTALLED,AS_NEW,FOR_SALE,Rue De L'aubépine,4.9672427,50.1127949
https://www.immoweb.be/en/classified/duplex/for-sale/ixelles/1050/20354307,20354307,Ixelles,1050,475000,APARTMENT,DUPLEX,3,133,0,0,null,null,3,1,,HYPER_EQUIPPED,AS_NEW,FOR_SALE,Rue Jean Paquot,4.3795158,50.8257099
https://www.immoweb.be/en/classified/house/for-sale/lier/2500/20369768,20369768,LIER,2500,625000,HOUSE,HOUSE,3,170,,0,15,68,2,0,180,HYPER_EQUIPPED,AS_NEW,FOR_SALE,Leopoldplein,4.560550699999999,51.1352929
https://www.immoweb.be/en/classified/apartment/for-sale/keerbergen/3140/20315487,20315487,Keerbergen,3140,385000,APARTMENT,APARTMENT,3,156,,0,,null,2,1,,INSTALLED,GOOD,FOR_SALE,Haachtsebaan,4.6411138,50.9968367
https://www.immoweb.be/en/classified/duplex/for-sale/leuven/3010/20345680,20345680,Leuven,3010,465000,APARTMENT,DUPLEX,4,139,,0,null,null,3,0,,,AS_NEW,FOR_SALE,Bruineveld,4.7269,50.8959875
https://www.immoweb.be/en/classified/house/for-sale/sint-gillis-bij-dendermonde/9200/20408267,20408267,Sint-Gillis-Bij-Dendermonde,9200,349000,HOUSE,HOUSE,3,170,,0,null,null,4,0,154,,GOOD,FOR_SALE,Botermelkstraat,4.0865763,51.0194596
https://www.immoweb.be/en/classified/villa/for-sale/keerbergen/3140/20402035,20402035,Keerbergen,3140,795000,HOUSE,VILLA,4,242,0,0,,null,4,1,3322,HYPER_EQUIPPED,GOOD,FOR_SALE,,,
https://www.immoweb.be/en/classified/apartment/for-sale/leopoldsburg/3970/20408345,20408345,Leopoldsburg,3970,282000,APARTMENT,APARTMENT,2,106,,0,8,null,2,0,,HYPER_EQUIPPED,AS_NEW,FOR_SALE,Generaal de Krahéstraat,5.2624445,51.1209413
https://www.immoweb.be/en/classified/house/for-sale/dendermonde/9200/20408153,20408153,DENDERMONDE,9200,270000,HOUSE,HOUSE,3,110,,0,,null,3,0,0,SEMI_EQUIPPED,GOOD,FOR_SALE,Koning Boudewijnlaan,4.0851919,51.0338277
https://www.immoweb.be/en/classified/house/for-sale/leuven-kessel-lo/3010/20360519,20360519,Leuven Kessel-Lo,3010,529000,HOUSE,HOUSE,3,203,0,0,25,null,2,0,375,INSTALLED,AS_NEW,FOR_SALE,Pieter Nollekenssstraat,4.7201205,50.8780777
https://www.immoweb.be/en/classified/house/for-sale/bovenistier/4300/20050445,20050445,Bovenistier,4300,265000,HOUSE,HOUSE,3,201,,0,,411,3,1,674,SEMI_EQUIPPED,TO_BE_DONE_UP,FOR_SALE,Rue josEPH nicolas,5.2916143,50.6646471
https://www.immoweb.be/en/classified/house/for-sale/lichtaart/2460/20293490,20293490,Lichtaart,2460,500000,HOUSE,HOUSE,3,153,0,0,null,null,0,0,365,INSTALLED,GOOD,FOR_SALE,Tielensteenweg,4.915047899999999,51.2278978
https://www.immoweb.be/en/classified/house/for-sale/kasterlee/2460/20406547,20406547,Kasterlee,2460,679000,HOUSE,HOUSE,5,283,,0,,null,4,0,2068,HYPER_EQUIPPED,GOOD,FOR_SALE,Lijsterstraat,4.9623102,51.238764
https://www.immoweb.be/en/classified/villa/for-sale/vise/4600/20373132,20373132,Visé,4600,545000,HOUSE,VILLA,4,215,,0,62,1056,4,0,1173,INSTALLED,AS_NEW,FOR_SALE,Rue Pirette,5.680396099999999,50.6883345
https://www.immoweb.be/en/classified/house/for-sale/braine-le-chateau/1440/20324422,20324422,Braine-le-Château,1440,590000,HOUSE,HOUSE,4,182,0,0,90,1250,4,1,1715,HYPER_EQUIPPED,GOOD,FOR_SALE,,,
https://www.immoweb.be/en/classified/apartment-block/for-sale/montignies-sur-sambre/6061/20404025,20404025,MONTIGNIES-SUR-SAMBRE,6061,460000,HOUSE,APARTMENT_BLOCK,6,324,,0,null,null,2,0,602,HYPER_EQUIPPED,JUST_RENOVATED,FOR_SALE,Rue Jean Jaurès,4.4592205,50.4106954
https://www.immoweb.be/en/classified/mixed-use-building/for-sale/antwerpen/2000/20406762,20406762,Antwerpen,2000,800000,HOUSE,MIXED_USE_BUILDING,3,186,0,0,null,null,2,1,42,INSTALLED,GOOD,FOR_SALE,Oude Koornmarkt,4.3993266,51.2207544
https://www.immoweb.be/en/classified/mixed-use-building/for-sale/haaltert/9450/20317039,20317039,Haaltert,9450,669000,HOUSE,MIXED_USE_BUILDING,5,250,0,0,,143,3,1,331,,GOOD,FOR_SALE,Donkerstraat,4.0080971,50.9009201
https://www.immoweb.be/en/classified/house/for-sale/antwerpen/2000/20407215,20407215,ANTWERPEN,2000,345000,HOUSE,HOUSE,2,140,,0,10,null,2,0,0,,TO_RENOVATE,FOR_SALE,Bergstraat,4.3998006,51.21847320000001
https://www.immoweb.be/en/classified/bungalow/for-sale/magnee/4623/20403517,20403517,MAGNÉE,4623,345000,HOUSE,BUNGALOW,3,193,,1,null,null,4,0,1024,SEMI_EQUIPPED,TO_RENOVATE,FOR_SALE,Avenue des Sorbiers,5.6862889,50.59674589999999
https://www.immoweb.be/en/classified/house/for-sale/oud-heverlee/3050/11266562,11266562,OUD-HEVERLEE,3050,625000,HOUSE,HOUSE,3,153,,0,null,null,3,0,640,INSTALLED,,FOR_SALE,Fonteinstraat,4.6642184,50.8426731
https://www.immoweb.be/en/classified/house/for-sale/denderleeuw-iddergem/9472/10869257,10869257,Denderleeuw Iddergem,9472,344446,HOUSE,HOUSE,3,132,,0,null,null,3,0,286,,AS_NEW,FOR_SALE,,,
https://www.immoweb.be/en/classified/villa/for-sale/kasterlee/2460/20368812,20368812,Kasterlee,2460,849000,HOUSE,VILLA,5,524,,0,null,null,4,0,4583,,GOOD,FOR_SALE,Prijstraat,4.8988746,51.2562029
https://www.immoweb.be/en/classified/villa/for-sale/braine-le-chateau/1440/20337958,20337958,Braine-le-Château,1440,1195000,HOUSE,VILLA,4,245,,0,1,1,4,1,10007,HYPER_EQUIPPED,GOOD,FOR_SALE,,,
https://www.immoweb.be/en/classified/house/for-sale/genappe/1470/20206133,20206133,GENAPPE,1470,270000,HOUSE,HOUSE,2,110,,1,null,210,3,0,463,,TO_RENOVATE,FOR_SALE,,,
https://www.immoweb.be/en/classified/house/for-sale/charleroi/6061/20403576,20403576,CHARLEROI,6061,220000,HOUSE,HOUSE,3,125,,0,null,null,0,0,714,,TO_BE_DONE_UP,FOR_SALE,Rue de la Corderie,4.4648908,50.4022186
https://www.immoweb.be/en/classified/house/for-sale/oostende/8400/20407267,20407267,Oostende,8400,339000,HOUSE,HOUSE,3,225,0,0,100,268,3,1,384,HYPER_EQUIPPED,GOOD,FOR_SALE,Zandvoordestraat,2.9556781,51.21133469999999
https://www.immoweb.be/en/classified/house/for-sale/veurne/8630/20328837,20328837,Veurne,8630,159000,HOUSE,HOUSE,2,149,,0,null,null,2,1,320,,,FOR_SALE,Sacramentstraat,2.6093289,51.0104737
https://www.immoweb.be/en/classified/mixed-use-building/for-sale/brugge/8000/20406776,20406776,Brugge,8000,995000,HOUSE,MIXED_USE_BUILDING,2,420,,0,,null,2,1,333,HYPER_EQUIPPED,GOOD,FOR_SALE,Leopold II-laan,3.2179523,51.2198378
https://www.immoweb.be/en/classified/town-house/for-sale/brugge/8000/20406861,20406861,Brugge,8000,410000,HOUSE,TOWN_HOUSE,4,180,,0,,null,0,0,212,,GOOD,FOR_SALE,Sulferbergstraat,3.2275407,51.20021149999999
https://www.immoweb.be/en/classified/loft/for-sale/fontaine-leveque/6140/20255003,20255003,Fontaine-l'Evêque,6140,229000,APARTMENT,LOFT,1,145,0,0,10,null,0,1,,INSTALLED,AS_NEW,FOR_SALE,Rue de l'Athénée,4.319773200000001,50.4117711
https://www.immoweb.be/en/classified/house/for-sale/oostende/8400/20408256,20408256,Oostende,8400,439000,HOUSE,HOUSE,4,249,0,0,45,640,0,0,780,,GOOD,FOR_SALE,Prins Roselaan,2.8882506,51.2071917
https://www.immoweb.be/en/classified/house/for-sale/gosselies/6041/11466888,11466888,GOSSELIES,6041,79000,HOUSE,HOUSE,2,100,,0,null,null,2,0,45,SEMI_EQUIPPED,TO_RENOVATE,FOR_SALE,Rue Astrid,4.434692399999999,50.4671335
https://www.immoweb.be/en/classified/house/for-sale/oostduinkerke/8670/20408195,20408195,Oostduinkerke,8670,650000,HOUSE,HOUSE,4,191,,1,140,1,3,1,550,,AS_NEW,FOR_SALE,Pirsonlaan,2.6692595,51.1250273
https://www.immoweb.be/en/classified/house/for-sale/genk/3600/20344736,20344736,GENK,3600,449000,HOUSE,HOUSE,4,243,,0,null,null,4,0,1576,,GOOD,FOR_SALE,Wildekastanjelaan,5.488048099999999,50.9790368
https://www.immoweb.be/en/classified/house/for-sale/fontaine-leveque/6140/20193730,20193730,Fontaine-l'Évêque,6140,150000,HOUSE,HOUSE,5,170,,0,11,null,0,1,0,,GOOD,FOR_SALE,Rue Jules Despy,4.318764799999999,50.4125861
https://www.immoweb.be/en/classified/apartment/for-sale/brugge/8000/20406853,20406853,Brugge,8000,325000,APARTMENT,APARTMENT,2,89,,0,null,null,0,0,,,GOOD,FOR_SALE,Sulferbergstraat,3.2275407,51.20021149999999
https://www.immoweb.be/en/classified/apartment/for-sale/oostende/8400/20408232,20408232,Oostende,8400,235000,APARTMENT,APARTMENT,2,94,,0,null,null,0,0,,,GOOD,FOR_SALE,Verenigingstraat,2.8993941,51.21959409999999
https://www.immoweb.be/en/classified/villa/for-sale/ouwegem/9750/20407290,20407290,OUWEGEM,9750,498000,HOUSE,VILLA,3,180,,1,,null,4,0,912,INSTALLED,GOOD,FOR_SALE,Beertegemstraat,3.6036273,50.9090973
https://www.immoweb.be/en/classified/apartment/for-sale/oostende/8400/20407831,20407831,Oostende,8400,429000,APARTMENT,APARTMENT,3,73,1,0,3,null,0,0,,,,FOR_SALE,Zeedijk,2.8785675,51.2163101
https://www.immoweb.be/en/classified/house/for-sale/oostduinkerke/8670/20406954,20406954,Oostduinkerke,8670,555000,HOUSE,HOUSE,3,,,0,null,null,0,0,711,,GOOD,FOR_SALE,Polderstraat,2.6919225,51.1219962
https://www.immoweb.be/en/classified/house/for-sale/brugge/8000/20407219,20407219,Brugge,8000,725000,HOUSE,HOUSE,6,273,,0,null,null,0,0,281,,GOOD,FOR_SALE,Sulferbergstraat,3.2275407,51.20021149999999
https://www.immoweb.be/en/classified/house/for-sale/oostduinkerke/8670/20407329,20407329,Oostduinkerke,8670,599000,HOUSE,HOUSE,3,177,,0,null,null,4,1,399,USA_HYPER_EQUIPPED,AS_NEW,FOR_SALE,Farasijnstraat,2.695224,51.1195234
https://www.immoweb.be/en/classified/house/for-sale/oostduinkerke/8670/20408211,20408211,Oostduinkerke,8670,625000,HOUSE,HOUSE,4,373,,1,1,1,4,1,566,,TO_BE_DONE_UP,FOR_SALE,Oostdijkweg,2.6864607,51.1334557
https://www.immoweb.be/en/classified/house/for-sale/soumagne/4630/20407965,20407965,Soumagne,4630,350000,HOUSE,HOUSE,2,142,0,0,null,null,4,0,808,INSTALLED,,FOR_SALE,"Clos de Haute Fecher, 9",5.744424599999999,50.6312161
https://www.immoweb.be/en/classified/apartment/for-sale/oostende/8400/11349721,11349721,Oostende,8400,400000,APARTMENT,APARTMENT,2,,,0,null,null,0,0,,,AS_NEW,FOR_SALE,Aartshertogstraat,2.8832893,51.2168059
https://www.immoweb.be/en/classified/house/for-sale/genk/3600/20407513,20407513,Genk,3600,240000,HOUSE,HOUSE,3,127,0,0,null,null,3,1,425,,,FOR_SALE,Hasseltweg,5.4445879,50.9588464
https://www.immoweb.be/en/classified/villa/for-sale/braine-lalleud/1420/11431194,11431194,Braine-l'Alleud,1420,449000,HOUSE,VILLA,3,145,,0,30,756,4,1,867,INSTALLED,GOOD,FOR_SALE,Rue des Ormes,4.3421694,50.6761631
https://www.immoweb.be/en/classified/country-cottage/for-sale/chimay/6460/20348883,20348883,Chimay,6460,269000,HOUSE,COUNTRY_COTTAGE,5,163,,1,1,1,4,1,2256,INSTALLED,AS_NEW,FOR_SALE,,,
https://www.immoweb.be/en/classified/house/for-sale/mouscron/7700/20407704,20407704,Mouscron,7700,595000,HOUSE,HOUSE,5,314,0,0,,1375,4,1,1165,INSTALLED,GOOD,FOR_SALE,,,
https://www.immoweb.be/en/classified/house/for-sale/chimay/6460/20213734,20213734,Chimay,6460,65000,HOUSE,HOUSE,3,107,,0,null,null,0,0,0,,GOOD,FOR_SALE,Grand Rue,4.3141953,50.0487259
https://www.immoweb.be/en/classified/house/for-sale/chimay/6460/11468018,11468018,Chimay,6460,105000,HOUSE,HOUSE,3,,,0,null,null,2,0,150,INSTALLED,TO_BE_DONE_UP,FOR_SALE,Rue de Virelles,4.3197269,50.0494808
https://www.immoweb.be/en/classified/mixed-use-building/for-sale/dentergem/8720/20404686,20404686,Dentergem,8720,689000,HOUSE,MIXED_USE_BUILDING,4,280,0,0,,null,3,0,1297,,GOOD,FOR_SALE,Wakkensesteenweg,3.4255921,50.9323744
https://www.immoweb.be/en/classified/apartment/for-sale/zedelgem/8210/20402295,20402295,Zedelgem,8210,340240,APARTMENT,APARTMENT,2,110,,0,22,null,0,0,,,GOOD,FOR_SALE,"Torhoutsesteenweg,",3.1506355,51.1234188
https://www.immoweb.be/en/classified/house/for-sale/zoutleeuw/3440/11151344,11151344,ZOUTLEEUW,3440,240000,HOUSE,HOUSE,3,,,0,null,null,4,0,0,,TO_RENOVATE,FOR_SALE,Vinnestraat,5.1322432,50.8343087
https://www.immoweb.be/en/classified/house/for-sale/fleurus-wanfercee-baulet/6224/20194432,20194432,Fleurus Wanfercée-Baulet,6224,245000,HOUSE,HOUSE,3,192,0,0,null,45,2,1,143,INSTALLED,JUST_RENOVATED,FOR_SALE,,,
https://www.immoweb.be/en/classified/house/for-sale/fleurus-wanfercee-baulet/6224/20207339,20207339,Fleurus Wanfercée-Baulet,6224,425000,HOUSE,HOUSE,4,228,0,0,60,null,2,0,980,INSTALLED,AS_NEW,FOR_SALE,Route de Namur,4.5679871,50.4591366
https://www.immoweb.be/en/classified/house/for-sale/budingen/3440/20408165,20408165,Budingen,3440,339000,HOUSE,HOUSE,0,250,,0,null,null,0,0,5800,,TO_RENOVATE,FOR_SALE,Heerbaan,5.0693651,50.861067
https://www.immoweb.be/en/classified/apartment/for-sale/gavere/9890/20272902,20272902,Gavere,9890,178000,APARTMENT,APARTMENT,2,55,0,0,25,null,2,0,,,GOOD,FOR_SALE,Onderstraat,3.661167,50.9302673
https://www.immoweb.be/en/classified/house/for-sale/bellefontaine/6730/20406095,20406095,BELLEFONTAINE,6730,485000,HOUSE,HOUSE,3,140,,0,12,800,4,0,1046,HYPER_EQUIPPED,,FOR_SALE,rue des orchidées,5.4998268,49.6714283
https://www.immoweb.be/en/classified/house/for-sale/wanfercee-baulet/6224/20407289,20407289,WANFERCEE-BAULET,6224,240000,HOUSE,HOUSE,2,,,0,null,null,3,0,1710,,,FOR_SALE,Route de Namur,4.5732046,50.45981769999999
https://www.immoweb.be/en/classified/apartment/for-sale/herselt/2230/20314696,20314696,Herselt,2230,301160,APARTMENT,APARTMENT,1,93,,0,22,null,0,0,,,,FOR_SALE,Wolfsdonksesteenweg,4.8806647,51.0520939
https://www.immoweb.be/en/classified/apartment/for-sale/herselt/2230/20314697,20314697,Herselt,2230,499630,APARTMENT,APARTMENT,3,138,,0,50,null,0,0,,,,FOR_SALE,Wolfsdonksesteenweg,4.8806647,51.0520939
https://www.immoweb.be/en/classified/house/for-sale/ramsel/2230/20406330,20406330,Ramsel,2230,530000,HOUSE,HOUSE,4,190,,0,,null,0,0,500,HYPER_EQUIPPED,,FOR_SALE,Houtvensesteenweg,4.8202208,51.0312016
https://www.immoweb.be/en/classified/apartment/for-sale/herselt/2230/20314699,20314699,Herselt,2230,335310,APARTMENT,APARTMENT,2,113,,0,11,null,0,0,,,,FOR_SALE,Wolfsdonksesteenweg,4.8806647,51.0520939
https://www.immoweb.be/en/classified/apartment/for-sale/herselt/2230/20314698,20314698,Herselt,2230,349065,APARTMENT,APARTMENT,2,117,,0,11,null,0,0,,,,FOR_SALE,Wolfsdonksesteenweg,4.8806647,51.0520939
https://www.immoweb.be/en/classified/house/for-sale/jemeppe-sur-sambre/5190/20408222,20408222,JEMEPPE-SUR-SAMBRE,5190,430000,HOUSE,HOUSE,3,153,,0,,215,3,0,390,,AS_NEW,FOR_SALE,,,
https://www.immoweb.be/en/classified/house/for-sale/overijse/3090/20234380,20234380,Overijse,3090,875000,HOUSE,HOUSE,6,356,0,0,60,null,4,1,1930,HYPER_EQUIPPED,GOOD,FOR_SALE,P.I. Taymansstraat,4.535587500000001,50.7810449
https://www.immoweb.be/en/classified/apartment/for-sale/knokke-heist/8300/20406656,20406656,Knokke-Heist,8300,695000,APARTMENT,APARTMENT,3,93,,0,,null,2,1,,HYPER_EQUIPPED,JUST_RENOVATED,FOR_SALE,August Dansestraat,3.2878242,51.34599619999999
https://www.immoweb.be/en/classified/house/for-sale/jemeppe-sur-sambre/5190/20399784,20399784,Jemeppe-sur-Sambre,5190,89000,HOUSE,HOUSE,2,74,0,0,15,91,2,0,79,,TO_BE_DONE_UP,FOR_SALE,,,
https://www.immoweb.be/en/classified/house/for-sale/knokke-zoute/8300/20408255,20408255,Knokke-Zoute,8300,2690000,HOUSE,HOUSE,3,182,0,0,,null,3,0,424,HYPER_EQUIPPED,GOOD,FOR_SALE,Tennispad,3.2902441,51.3479393
https://www.immoweb.be/en/classified/house/for-sale/knokke-heist/8300/20407616,20407616,Knokke-Heist,8300,665000,HOUSE,HOUSE,5,224,,0,,55,2,1,186,INSTALLED,GOOD,FOR_SALE,Esdoornstraat,3.287274,51.3359962
https://www.immoweb.be/en/classified/house/for-sale/avin/4280/20321145,20321145,AVIN,4280,225000,HOUSE,HOUSE,4,300,,0,null,null,4,0,830,SEMI_EQUIPPED,TO_RENOVATE,FOR_SALE,Rue des Limonadiers,5.0696654,50.6201145
https://www.immoweb.be/en/classified/house/for-sale/waregem/8790/20214744,20214744,Waregem,8790,295000,HOUSE,HOUSE,3,200,,0,null,null,0,0,700,INSTALLED,GOOD,FOR_SALE,Nokerseweg,3.4504159,50.88763429999999
https://www.immoweb.be/en/classified/mixed-use-building/for-sale/gedinne/5575/20405837,20405837,Gedinne,5575,375000,HOUSE,MIXED_USE_BUILDING,6,341,0,0,2921,null,2,1,342,INSTALLED,GOOD,FOR_SALE,Rue Raymond Gridlet,4.939130899999999,49.98033359999999
https://www.immoweb.be/en/classified/apartment/for-sale/waregem/8790/20241992,20241992,WAREGEM,8790,275000,APARTMENT,APARTMENT,3,115,,0,null,null,0,0,,SEMI_EQUIPPED,GOOD,FOR_SALE,Guido Gezellestraat,3.435675,50.8853038
https://www.immoweb.be/en/classified/house/for-sale/spy/5190/20281503,20281503,Spy,5190,175000,HOUSE,HOUSE,4,,,0,null,null,0,0,2253,,TO_RENOVATE,FOR_SALE,Place de l'Eglise,4.704746900000001,50.4821459
https://www.immoweb.be/en/classified/house/for-sale/herstal/4040/20303254,20303254,Herstal,4040,149000,HOUSE,HOUSE,3,88,0,0,19,null,2,1,607,INSTALLED,GOOD,FOR_SALE,Rue sur les Thiers,5.6114779,50.67086949999999
https://www.immoweb.be/en/classified/mixed-use-building/for-sale/marcinelle/6001/20200596,20200596,MARCINELLE,6001,299000,HOUSE,MIXED_USE_BUILDING,3,164,,0,null,null,2,0,0,HYPER_EQUIPPED,JUST_RENOVATED,FOR_SALE,,,
https://www.immoweb.be/en/classified/house/for-sale/denderleeuw/9470/20127637,20127637,Denderleeuw,9470,329000,HOUSE,HOUSE,3,130,,0,25,25,0,0,100,,JUST_RENOVATED,FOR_SALE,Hoekstraat,4.045800499999999,50.8732264
https://www.immoweb.be/en/classified/town-house/for-sale/dilbeek-groot-bijgaarden/1702/20236312,20236312,Dilbeek Groot-Bijgaarden,1702,535000,HOUSE,TOWN_HOUSE,4,180,0,0,,null,3,1,212,HYPER_EQUIPPED,JUST_RENOVATED,FOR_SALE,Stichelberg,4.2634441,50.864397
https://www.immoweb.be/en/classified/house/for-sale/marcinelle/6001/20296068,20296068,Marcinelle,6001,279000,HOUSE,HOUSE,2,109,,0,6,555,3,0,670,,GOOD,FOR_SALE,,,
https://www.immoweb.be/en/classified/house/for-sale/dilbeek/1702/20353059,20353059,Dilbeek,1702,589000,HOUSE,HOUSE,3,200,0,0,19,500,3,1,609,HYPER_EQUIPPED,GOOD,FOR_SALE,Vliergaarde,4.255773,50.8734279
https://www.immoweb.be/en/classified/kot/for-sale/bruxelles/1000/20406758,20406758,Bruxelles,1000,237500,APARTMENT,KOT,0,31,1,0,null,null,2,1,,INSTALLED,AS_NEW,FOR_SALE,Boulevard de la Cambre,4.374468,50.8161189
https://www.immoweb.be/en/classified/house/for-sale/marcinelle/6001/20315692,20315692,Marcinelle,6001,168000,HOUSE,HOUSE,2,102,0,0,10,100,2,0,235,INSTALLED,,FOR_SALE,,,
https://www.immoweb.be/en/classified/apartment/for-sale/brussel/1000/20407467,20407467,Brussel,1000,370000,APARTMENT,APARTMENT,2,96,0,0,12,null,4,1,,HYPER_EQUIPPED,GOOD,FOR_SALE,Quai Des Péniches - Akenkaai,4.3520695,50.8641919
https://www.immoweb.be/en/classified/house/for-sale/asse/1730/20077391,20077391,Asse,1730,175000,HOUSE,HOUSE,2,64,0,0,15,null,2,0,65,HYPER_EQUIPPED,AS_NEW,FOR_SALE,Brusselsesteenweg,4.2298,50.8981477
https://www.immoweb.be/en/classified/villa/for-sale/kapellen/2950/20408213,20408213,Kapellen,2950,1790000,HOUSE,VILLA,6,805,0,1,150,null,4,1,9617,HYPER_EQUIPPED,GOOD,FOR_SALE,Middendreef,4.4477293,51.3471987
https://www.immoweb.be/en/classified/apartment/for-sale/edegem/2650/20407141,20407141,EDEGEM,2650,399000,APARTMENT,APARTMENT,2,91,,0,10,null,4,0,,INSTALLED,,FOR_SALE,Den Leeuwenbergstraat,4.4267671,51.1616997
https://www.immoweb.be/en/classified/bungalow/for-sale/asse/1730/20404197,20404197,Asse,1730,249750,HOUSE,BUNGALOW,2,86,0,0,43,null,3,0,170,SEMI_EQUIPPED,AS_NEW,FOR_SALE,Gildehof,4.1937418,50.9126212
https://www.immoweb.be/en/classified/house/for-sale/grand-bigard/1702/20305090,20305090,GRAND-BIGARD,1702,359000,HOUSE,HOUSE,2,120,,1,null,50,0,0,120,,GOOD,FOR_SALE,Kasteellaan,4.2543161,50.8729161
https://www.immoweb.be/en/classified/villa/for-sale/kapellen/2950/20408210,20408210,Kapellen,2950,1250000,HOUSE,VILLA,6,805,0,1,150,null,4,1,6595,HYPER_EQUIPPED,GOOD,FOR_SALE,Middendreef,4.4477293,51.3471987
https://www.immoweb.be/en/classified/house/for-sale/charleroi-marcinelle/6001/20401917,20401917,Charleroi Marcinelle,6001,219900,HOUSE,HOUSE,3,100,0,0,50,null,3,0,588,INSTALLED,GOOD,FOR_SALE,,,
https://www.immoweb.be/en/classified/house/for-sale/denderleeuw/9470/20295566,20295566,Denderleeuw,9470,285000,HOUSE,HOUSE,3,176,,0,null,null,3,0,131,,GOOD,FOR_SALE,Kouterbaan,4.0699725,50.8900424
https://www.immoweb.be/en/classified/apartment/for-sale/bruxelles/1000/20406843,20406843,Bruxelles,1000,425000,APARTMENT,APARTMENT,3,120,1,0,20,null,0,0,,HYPER_EQUIPPED,GOOD,FOR_SALE,Quai des Péniches,4.351849500000001,50.8644122
https://www.immoweb.be/en/classified/apartment/for-sale/aalst-nieuwerkerken/9320/20301400,20301400,Aalst Nieuwerkerken,9320,275000,APARTMENT,APARTMENT,2,76,,0,,null,3,0,,HYPER_EQUIPPED,GOOD,FOR_SALE,Tolstraat,4.0024124,50.9222428
https://www.immoweb.be/en/classified/flat-studio/for-sale/leuven/3000/20088244,20088244,Leuven,3000,209999,APARTMENT,FLAT_STUDIO,0,24,,0,null,null,1,1,,INSTALLED,AS_NEW,FOR_SALE,Maria Van Belstraat,4.700491299999999,50.8696391
https://www.immoweb.be/en/classified/house/for-sale/seraing/4100/20408163,20408163,Seraing,4100,179900,HOUSE,HOUSE,1,50,0,0,3,null,3,1,33,INSTALLED,AS_NEW,FOR_SALE,Rue du Buisson,5.5186591,50.59942479999999
https://www.immoweb.be/en/classified/house/for-sale/aalter/9880/20406941,20406941,Aalter,9880,299000,HOUSE,HOUSE,3,284,,0,null,null,0,0,286,,GOOD,FOR_SALE,Hoefijzer,3.4461645,51.0921265
https://www.immoweb.be/en/classified/apartment-block/for-sale/aalst-nieuwerkerken/9320/20407402,20407402,Aalst Nieuwerkerken,9320,1250000,HOUSE,APARTMENT_BLOCK,2,,,0,,null,3,0,0,HYPER_EQUIPPED,GOOD,FOR_SALE,Tolstraat,4.0024124,50.9222428
https://www.immoweb.be/en/classified/house/for-sale/nivelles/1400/20068090,20068090,Nivelles,1400,415000,HOUSE,HOUSE,3,164,0,0,,385,3,1,385,HYPER_EQUIPPED,GOOD,FOR_SALE,Rue du Hêtre,3.4545132,50.7308543
https://www.immoweb.be/en/classified/house/for-sale/kortrijk/8500/20407355,20407355,Kortrijk,8500,335000,HOUSE,HOUSE,2,118,0,0,,220,3,1,295,HYPER_EQUIPPED,AS_NEW,FOR_SALE,Neringenplein,3.2608921,50.8440771
https://www.immoweb.be/en/classified/apartment/for-sale/braine-le-comte/7090/20408231,20408231,Braine-le-Comte,7090,325000,APARTMENT,APARTMENT,3,135,0,0,30,null,2,0,,INSTALLED,,FOR_SALE,Allée des Bâtisseurs 8,4.1379152,50.6020627
https://www.immoweb.be/en/classified/apartment/for-sale/aalter/9880/20363285,20363285,Aalter,9880,575000,APARTMENT,APARTMENT,2,130,0,0,12,null,0,1,,SEMI_EQUIPPED,AS_NEW,FOR_SALE,Bellemstraat,3.4494134,51.0839133
https://www.immoweb.be/en/classified/country-cottage/for-sale/aalter/9880/20407992,20407992,Aalter,9880,1250000,HOUSE,COUNTRY_COTTAGE,4,961,0,0,,null,4,1,28427,INSTALLED,GOOD,FOR_SALE,Kleitestraat,3.4858027,51.0428185
https://www.immoweb.be/en/classified/house/for-sale/zemst/1980/20407268,20407268,Zemst,1980,519000,HOUSE,HOUSE,4,256,,0,,null,4,0,531,INSTALLED,TO_BE_DONE_UP,FOR_SALE,Graaf de Bailletstraat,4.459932600000001,50.9848879
https://www.immoweb.be/en/classified/ground-floor/for-sale/schellebelle/9260/20401976,20401976,Schellebelle,9260,198500,APARTMENT,GROUND_FLOOR,2,79,,0,30,30,0,0,,,GOOD,FOR_SALE,Stationsstraat,3.9268528,51.0112878
https://www.immoweb.be/en/classified/house/for-sale/seraing/4100/20407274,20407274,Seraing,4100,289000,HOUSE,HOUSE,3,105,0,0,22,11,2,1,200,INSTALLED,AS_NEW,FOR_SALE,Rue Simone Veil,5.520950699999999,50.6251304
https://www.immoweb.be/en/classified/house/for-sale/aalst-erembodegem/9320/20407562,20407562,Aalst Erembodegem,9320,225000,HOUSE,HOUSE,3,170,,0,null,null,2,0,0,SEMI_EQUIPPED,TO_RENOVATE,FOR_SALE,Ninovesteenweg,4.043906199999999,50.916954
https://www.immoweb.be/en/classified/house/for-sale/braine-le-comte/7090/20378640,20378640,Braine-Le-Comte,7090,349000,HOUSE,HOUSE,2,122,0,0,null,null,2,1,327,,,FOR_SALE,Rue de Ronquières,4.1453397,50.60979589999999
https://www.immoweb.be/en/classified/apartment/for-sale/kortrijk/8500/20408193,20408193,KORTRIJK,8500,159500,APARTMENT,APARTMENT,2,100,,0,5,null,0,0,,SEMI_EQUIPPED,GOOD,FOR_SALE,Jan-Baptist de Jonghestraat,3.2607445,50.8272938
https://www.immoweb.be/en/classified/house/for-sale/ath/7800/20234914,20234914,Ath,7800,407405,HOUSE,HOUSE,4,189,,0,null,null,4,0,1222,,AS_NEW,FOR_SALE,,,
https://www.immoweb.be/en/classified/apartment-block/for-sale/ottignies/1340/20030643,20030643,OTTIGNIES,1340,270000,HOUSE,APARTMENT_BLOCK,6,600,,0,null,null,4,0,0,,TO_RENOVATE,FOR_SALE,Rue de Spangen,4.573386999999999,50.6571137
https://www.immoweb.be/en/classified/apartment/for-sale/duffel/2570/20407218,20407218,DUFFEL,2570,279000,APARTMENT,APARTMENT,1,87,,0,7,null,2,0,,INSTALLED,JUST_RENOVATED,FOR_SALE,Kiliaanstraat,4.501913700000001,51.0953635
https://www.immoweb.be/en/classified/apartment/for-sale/mechelen/2800/20408093,20408093,Mechelen,2800,238000,APARTMENT,APARTMENT,1,76,,0,,null,0,0,,HYPER_EQUIPPED,,FOR_SALE,Locomotiefstraat,4.4957657,51.0198835
https://www.immoweb.be/en/classified/mixed-use-building/for-sale/edingen/7850/20185429,20185429,Edingen,7850,355000,HOUSE,MIXED_USE_BUILDING,3,139,,0,null,null,0,0,0,,,FOR_SALE,Boterbloemenstraat,4.0214378,50.68863229999999
https://www.immoweb.be/en/classified/house/for-sale/sint-pieters-leeuw/1600/20296846,20296846,Sint-Pieters-Leeuw,1600,379000,HOUSE,HOUSE,3,120,,0,,null,4,1,1215,SEMI_EQUIPPED,TO_RENOVATE,FOR_SALE,Hoge Paal,4.2537484,50.7822988
https://www.immoweb.be/en/classified/house/for-sale/duffel/2570/20307756,20307756,DUFFEL,2570,368000,HOUSE,HOUSE,3,355,,0,null,null,2,0,412,,TO_RENOVATE,FOR_SALE,Kerkstraat,4.5010846,51.0951316
https://www.immoweb.be/en/classified/house/for-sale/duffel/2570/20404822,20404822,Duffel,2570,529000,HOUSE,HOUSE,3,156,0,0,50,null,2,1,170,HYPER_EQUIPPED,AS_NEW,FOR_SALE,Lintsesteenweg,4.5035754,51.1022933
https://www.immoweb.be/en/classified/apartment/for-sale/willebroek/2830/20407800,20407800,Willebroek,2830,250000,APARTMENT,APARTMENT,1,,,0,7,null,0,0,,INSTALLED,GOOD,FOR_SALE,August Van Landeghemstraat,4.3604489,51.0613556
https://www.immoweb.be/en/classified/apartment/for-sale/jambes/5100/11370684,11370684,JAMBES,5100,185000,APARTMENT,APARTMENT,2,80,,0,null,null,3,0,,SEMI_EQUIPPED,,FOR_SALE,Avenue du Bourgmestre Jean Materne,4.8704646,50.4572758
https://www.immoweb.be/en/classified/penthouse/for-sale/mechelen/2800/20406881,20406881,MECHELEN,2800,207000,APARTMENT,PENTHOUSE,1,49,,0,,null,2,0,,SEMI_EQUIPPED,GOOD,FOR_SALE,Oscar Van Kesbeeckstraat,4.472620099999999,51.0383171
https://www.immoweb.be/en/classified/house/for-sale/liege/4030/20069596,20069596,LIÈGE,4030,160000,HOUSE,HOUSE,3,190,,0,17,51,2,0,165,SEMI_EQUIPPED,,FOR_SALE,Rue Jules-Cralle,5.609838600000001,50.6212142
https://www.immoweb.be/en/classified/apartment/for-sale/mechelen/2800/20407865,20407865,MECHELEN,2800,345000,APARTMENT,APARTMENT,1,100,,0,null,null,2,0,,INSTALLED,GOOD,FOR_SALE,Dijle,4.4722624,51.02801660000001
https://www.immoweb.be/en/classified/house/for-sale/nijlen/2560/20326704,20326704,Nijlen,2560,585000,HOUSE,HOUSE,4,380,0,0,,null,4,0,1140,HYPER_EQUIPPED,,FOR_SALE,Grote Puttingbaan,4.6246933,51.1461608
https://www.immoweb.be/en/classified/apartment/for-sale/willebroek/2830/20407778,20407778,Willebroek,2830,280000,APARTMENT,APARTMENT,2,,,0,16,null,0,0,,,GOOD,FOR_SALE,August Van Landeghemstraat,4.3604489,51.0613556
https://www.immoweb.be/en/classified/house/for-sale/hamme/9220/20407557,20407557,HAMME,9220,298000,HOUSE,HOUSE,3,195,,0,22,97,2,0,206,SEMI_EQUIPPED,GOOD,FOR_SALE,Spoorwegstraat,4.1315702,51.0946183
https://www.immoweb.be/en/classified/house/for-sale/basecles/7971/20124247,20124247,Basècles,7971,125000,HOUSE,HOUSE,2,85,0,0,null,null,2,0,106,INSTALLED,,FOR_SALE,Rue Gaston Destrebecq 6,3.6509221,50.5263928
https://www.immoweb.be/en/classified/apartment-block/for-sale/bullingen/4760/20407298,20407298,Büllingen,4760,2950000,HOUSE,APARTMENT_BLOCK,0,1355,0,0,null,null,4,1,615,,,FOR_SALE,Trierer Straße,6.262315099999999,50.4072717
https://www.immoweb.be/en/classified/service-flat/for-sale/beersel/1652/20339005,20339005,Beersel,1652,175000,APARTMENT,SERVICE_FLAT,1,49,,0,15,null,2,0,,,GOOD,FOR_SALE,Zoniënwoudlaan,4.3391677,50.7407952
https://www.immoweb.be/en/classified/apartment/for-sale/geel/2440/20320015,20320015,GEEL,2440,299000,APARTMENT,APARTMENT,3,110,,0,null,null,2,0,,INSTALLED,GOOD,FOR_SALE,Elsum,4.9734248,51.16466320000001
https://www.immoweb.be/en/classified/house/for-sale/antwerpen/2600/20406431,20406431,Antwerpen,2600,535000,HOUSE,HOUSE,3,155,,0,null,null,4,0,90,,AS_NEW,FOR_SALE,De Lescluzestraat,4.4117354,51.1952994
https://www.immoweb.be/en/classified/house/for-sale/alsemberg/1652/20400377,20400377,ALSEMBERG,1652,419000,HOUSE,HOUSE,3,140,,1,20,600,3,0,758,,TO_RENOVATE,FOR_SALE,Losseweg,4.3262732,50.738665
https://www.immoweb.be/en/classified/apartment/for-sale/antwerpen/2660/20401487,20401487,Antwerpen,2660,159900,APARTMENT,APARTMENT,2,70,,0,null,null,2,0,,INSTALLED,GOOD,FOR_SALE,Sint-Bernardsesteenweg,4.3679657,51.1771444
https://www.immoweb.be/en/classified/apartment/for-sale/geel/2440/20406637,20406637,Geel,2440,275000,APARTMENT,APARTMENT,2,104,,0,null,null,3,0,,,GOOD,FOR_SALE,Drijhoek,4.9754736,51.1606185
https://www.immoweb.be/en/classified/apartment/for-sale/bredene/8450/20408257,20408257,Bredene,8450,79000,APARTMENT,APARTMENT,1,35,,0,null,null,0,0,,INSTALLED,GOOD,FOR_SALE,Kapelstraat,2.98914,51.2561178
https://www.immoweb.be/en/classified/house/for-sale/bredene/8450/20406608,20406608,Bredene,8450,399000,HOUSE,HOUSE,3,206,,0,,null,4,0,1188,,JUST_RENOVATED,FOR_SALE,Vredestraat,2.9664992,51.2218391
https://www.immoweb.be/en/classified/house/for-sale/beersel/1652/20175458,20175458,Beersel,1652,449000,HOUSE,HOUSE,4,160,,0,,null,3,0,831,INSTALLED,GOOD,FOR_SALE,Heidebroek,4.3198989,50.73094320000001
https://www.immoweb.be/en/classified/apartment/for-sale/hoboken/2660/20407031,20407031,HOBOKEN,2660,230000,APARTMENT,APARTMENT,2,91,,0,12,null,4,0,,INSTALLED,GOOD,FOR_SALE,Weerstandlaan,4.3699661,51.186165
https://www.immoweb.be/en/classified/house/for-sale/hasselt/3500/20323466,20323466,HASSELT,3500,325000,HOUSE,HOUSE,4,129,,0,,null,2,0,178,INSTALLED,GOOD,FOR_SALE,Peter Benoitstraat,5.3508257,50.9285009
https://www.immoweb.be/en/classified/mixed-use-building/for-sale/zwijndrecht-burcht/2070/11183660,11183660,Zwijndrecht Burcht,2070,285000,HOUSE,MIXED_USE_BUILDING,3,303,,0,null,null,2,0,395,,TO_BE_DONE_UP,FOR_SALE,Heirbaan,4.3330034,51.1994449
https://www.immoweb.be/en/classified/house/for-sale/burcht/2070/20403911,20403911,Burcht,2070,295000,HOUSE,HOUSE,3,228,,1,null,null,2,0,240,SEMI_EQUIPPED,TO_RENOVATE,FOR_SALE,kapelstraat,4.3395239,51.2013376
https://www.immoweb.be/en/classified/house/for-sale/brakel/9660/20407077,20407077,Brakel,9660,351665,HOUSE,HOUSE,3,147,0,0,40,160,2,1,254,HYPER_EQUIPPED,AS_NEW,FOR_SALE,Hollebeekstraat,3.798263699999999,50.7854847
https://www.immoweb.be/en/classified/house/for-sale/herk-de-stad/3540/20401165,20401165,Herk-de-Stad,3540,279000,HOUSE,HOUSE,3,120,,0,null,null,0,0,7444,SEMI_EQUIPPED,TO_RENOVATE,FOR_SALE,Rummenweg,5.1615997,50.9168458
https://www.immoweb.be/en/classified/apartment/for-sale/forest/1190/20406835,20406835,Forest,1190,319000,APARTMENT,APARTMENT,2,98,,0,1,null,2,0,,HYPER_EQUIPPED,GOOD,FOR_SALE,Avenue Mozart,4.3363916,50.8106356
https://www.immoweb.be/en/classified/house/for-sale/gingelom/3890/20388327,20388327,GINGELOM,3890,410000,HOUSE,HOUSE,4,197,,0,null,null,0,0,730,INSTALLED,GOOD,FOR_SALE,Boekhoutstraat,5.232999,50.745266
https://www.immoweb.be/en/classified/house/for-sale/montenaken/3890/20408218,20408218,Montenaken,3890,112000,HOUSE,HOUSE,2,227,,0,null,null,2,0,482,,TO_RENOVATE,FOR_SALE,Beekstraat,5.1311958,50.7210513
https://www.immoweb.be/en/classified/house/for-sale/s-gravenwezel/2970/20404690,20404690,'s Gravenwezel,2970,639000,HOUSE,HOUSE,4,164,,0,null,null,0,0,245,,GOOD,FOR_SALE,Wijnegemsteenweg,4.5470857,51.2557792
https://www.immoweb.be/en/classified/house/for-sale/herk-de-stad/3540/20406611,20406611,Herk-de-Stad,3540,150000,HOUSE,HOUSE,3,248,,0,null,null,4,0,479,,,FOR_SALE,Rummenweg,5.15928,50.9237878
https://www.immoweb.be/en/classified/house/for-sale/rixensart-genval/1332/20269410,20269410,Rixensart Genval,1332,375000,HOUSE,HOUSE,4,183,,0,,null,4,1,524,NOT_INSTALLED,TO_RENOVATE,FOR_SALE,,,
https://www.immoweb.be/en/classified/apartment-block/for-sale/watermaal-bosvoorde/1170/20405920,20405920,Watermaal-Bosvoorde,1170,945000,HOUSE,APARTMENT_BLOCK,5,320,0,0,,90,2,1,268,USA_INSTALLED,TO_BE_DONE_UP,FOR_SALE,Avenue Des Coccinelles - Onze-Lieve-Heersbeestjeslaan,4.399264899999999,50.8004409
https://www.immoweb.be/en/classified/house/for-sale/forest/1190/20163788,20163788,Forest,1190,550000,HOUSE,HOUSE,3,158,0,0,12,60,2,1,60,USA_UNINSTALLED,GOOD,FOR_SALE,rue pierre decoster,4.3293591,50.8235429
https://www.immoweb.be/en/classified/apartment/for-sale/zwijndrecht/2070/20151092,20151092,Zwijndrecht,2070,292000,APARTMENT,APARTMENT,3,98,,0,,null,2,1,,,GOOD,FOR_SALE,Heirbaan,4.33059,51.1987636
https://www.immoweb.be/en/classified/apartment/for-sale/forest/1190/20401293,20401293,Forest,1190,265000,APARTMENT,APARTMENT,1,50,,0,1,null,2,1,,USA_INSTALLED,JUST_RENOVATED,FOR_SALE,Chaussée De Forest - Vorstsesteenweg,4.3369054,50.8256276
https://www.immoweb.be/en/classified/house/for-sale/gent/9000/20406929,20406929,Gent,9000,285000,HOUSE,HOUSE,1,71,0,0,10,null,0,0,30,HYPER_EQUIPPED,GOOD,FOR_SALE,Loodsenstraat,3.7291705,51.0723215
https://www.immoweb.be/en/classified/apartment/for-sale/evere/1140/20407231,20407231,Evere,1140,325000,APARTMENT,APARTMENT,2,95,0,0,1,null,2,1,,INSTALLED,GOOD,FOR_SALE,Avenue Léon Grosjean,4.4141867,50.8562034
https://www.immoweb.be/en/classified/duplex/for-sale/zemst-elewijt/1982/20238002,20238002,Zemst Elewijt,1982,537720,APARTMENT,DUPLEX,3,170,,0,21,null,2,0,,INSTALLED,,FOR_SALE,,,
https://www.immoweb.be/en/classified/apartment/for-sale/gent/9000/20407996,20407996,Gent,9000,335000,APARTMENT,APARTMENT,2,92,,0,6,null,2,0,,HYPER_EQUIPPED,GOOD,FOR_SALE,Marcelle Defay-Wibierstraat,3.7516523,51.0725906
https://www.immoweb.be/en/classified/apartment/for-sale/gent/9000/20407370,20407370,Gent,9000,370000,APARTMENT,APARTMENT,2,100,0,0,10,null,0,0,,HYPER_EQUIPPED,GOOD,FOR_SALE,Raymonde de Larochelaan,3.696983,51.0274241
https://www.immoweb.be/en/classified/apartment/for-sale/gent/9000/20407386,20407386,Gent,9000,310000,APARTMENT,APARTMENT,2,81,0,0,10,null,0,0,,HYPER_EQUIPPED,GOOD,FOR_SALE,Raymonde de Larochelaan,3.696983,51.0274241
https://www.immoweb.be/en/classified/apartment/for-sale/gent/9000/20407379,20407379,Gent,9000,380000,APARTMENT,APARTMENT,2,99,0,0,10,null,0,0,,HYPER_EQUIPPED,GOOD,FOR_SALE,Raymonde de Larochelaan,3.696983,51.0274241
https://www.immoweb.be/en/classified/apartment/for-sale/turnhout/2300/20408274,20408274,TURNHOUT,2300,199000,APARTMENT,APARTMENT,1,62,,0,11,null,2,0,,INSTALLED,JUST_RENOVATED,FOR_SALE,Steenweg op Zevendonk,4.9491787,51.3097486
https://www.immoweb.be/en/classified/apartment/for-sale/gent/9000/20407338,20407338,Gent,9000,365000,APARTMENT,APARTMENT,3,101,0,0,13,null,0,0,,HYPER_EQUIPPED,GOOD,FOR_SALE,Raymonde de Larochelaan,3.696983,51.0274241
https://www.immoweb.be/en/classified/duplex/for-sale/zemst-elewijt/1982/11118325,11118325,Zemst Elewijt,1982,396500,APARTMENT,DUPLEX,2,128,,0,22,null,2,0,,INSTALLED,,FOR_SALE,,,
https://www.immoweb.be/en/classified/apartment/for-sale/vilvoorde/1800/20362393,20362393,Vilvoorde,1800,210000,APARTMENT,APARTMENT,2,70,0,0,12,null,0,0,,HYPER_EQUIPPED,GOOD,FOR_SALE,Italiëlaan,4.402260399999999,50.9166283
https://www.immoweb.be/en/classified/apartment/for-sale/harelbeke/8530/11439873,11439873,Harelbeke,8530,975000,APARTMENT,APARTMENT,3,488,,0,null,null,0,0,,,JUST_RENOVATED,FOR_SALE,Kortrijksesteenweg,3.294972,50.84556749999999
https://www.immoweb.be/en/classified/apartment/for-sale/westerlo/2260/20279048,20279048,WESTERLO,2260,319000,APARTMENT,APARTMENT,1,88,,0,17,null,4,0,,INSTALLED,,FOR_SALE,Nieuwstraat,4.9148957,51.08644899999999
https://www.immoweb.be/en/classified/house/for-sale/bonheiden/2820/20305369,20305369,Bonheiden,2820,458000,HOUSE,HOUSE,3,166,0,0,,1600,4,0,1600,HYPER_EQUIPPED,,FOR_SALE,Oude Keerbergsebaan,4.5940431,51.0029909
https://www.immoweb.be/en/classified/house/for-sale/landen/3400/20404158,20404158,Landen,3400,195000,HOUSE,HOUSE,2,140,,0,null,278,4,0,568,,TO_RENOVATE,FOR_SALE,Wangestraat,5.0264438,50.773774
https://www.immoweb.be/en/classified/apartment/for-sale/gent/9000/20407675,20407675,Gent,9000,440000,APARTMENT,APARTMENT,3,117,,0,27,27,0,0,,SEMI_EQUIPPED,GOOD,FOR_SALE,Forelstraat,3.7401746,51.0474219
https://www.immoweb.be/en/classified/apartment/for-sale/gent/9000/20407436,20407436,Gent,9000,355000,APARTMENT,APARTMENT,3,101,0,0,13,null,0,0,,HYPER_EQUIPPED,GOOD,FOR_SALE,Raymonde de Larochelaan,3.696983,51.0274241
https://www.immoweb.be/en/classified/apartment/for-sale/turnhout/2300/20323579,20323579,Turnhout,2300,219000,APARTMENT,APARTMENT,2,97,,0,,null,3,0,,INSTALLED,AS_NEW,FOR_SALE,Collegestraat,4.9198069,51.3200838
https://www.immoweb.be/en/classified/apartment/for-sale/harelbeke/8530/20406847,20406847,Harelbeke,8530,154000,APARTMENT,APARTMENT,1,45,,0,null,null,2,0,,INSTALLED,GOOD,FOR_SALE,Kortrijksesteenweg,3.290901,50.8419086
https://www.immoweb.be/en/classified/apartment/for-sale/gent/9000/20407407,20407407,Gent,9000,400000,APARTMENT,APARTMENT,3,111,0,0,27,null,0,0,,HYPER_EQUIPPED,GOOD,FOR_SALE,Raymonde de Larochelaan,3.696983,51.0274241
https://www.immoweb.be/en/classified/apartment/for-sale/menen/8930/20407900,20407900,Menen,8930,600000,APARTMENT,APARTMENT,6,76,,0,null,null,0,0,,,GOOD,FOR_SALE,Noordkaai,3.1258009,50.7913978
https://www.immoweb.be/en/classified/apartment/for-sale/gent/9000/20407364,20407364,Gent,9000,390000,APARTMENT,APARTMENT,2,96,0,0,16,null,0,0,,HYPER_EQUIPPED,GOOD,FOR_SALE,Raymonde de Larochelaan,3.696983,51.0274241
https://www.immoweb.be/en/classified/ground-floor/for-sale/de-haan/8420/20407701,20407701,De Haan,8420,87000,APARTMENT,GROUND_FLOOR,1,32,,0,null,null,0,0,,,AS_NEW,FOR_SALE,Torenhofstraat,2.9994088,51.2571429
https://www.immoweb.be/en/classified/house/for-sale/sint-andries/8200/20402269,20402269,Sint-Andries,8200,339000,HOUSE,HOUSE,6,270,,0,null,null,4,0,210,,TO_RENOVATE,FOR_SALE,Gistelse Steenweg,3.19295,51.19958159999999
https://www.immoweb.be/en/classified/apartment/for-sale/halle/1500/11315180,11315180,HALLE,1500,335000,APARTMENT,APARTMENT,1,61,1,0,6,null,2,0,,INSTALLED,GOOD,FOR_SALE,Werlstraat,4.2398973,50.72841030000001
https://www.immoweb.be/en/classified/apartment/for-sale/gent/9040/20407201,20407201,Gent,9040,315000,APARTMENT,APARTMENT,2,123,,0,12,null,3,0,,,AS_NEW,FOR_SALE,Adolf Baeyensstraat,3.755017499999999,51.0527812
https://www.immoweb.be/en/classified/apartment/for-sale/gent/9040/11427280,11427280,GENT,9040,290000,APARTMENT,APARTMENT,2,94,,0,null,null,0,0,,INSTALLED,TO_BE_DONE_UP,FOR_SALE,Victor Braeckmanlaan,3.7576856,51.0611749
https://www.immoweb.be/en/classified/house/for-sale/diksmuide/8600/20406819,20406819,Diksmuide,8600,319000,HOUSE,HOUSE,4,150,,0,,null,3,0,278,,JUST_RENOVATED,FOR_SALE,Sint-Jansstraat,2.8624651,51.0303704
https://www.immoweb.be/en/classified/house/for-sale/grace-hollogne/4460/20283074,20283074,Grâce-Hollogne,4460,199000,HOUSE,HOUSE,2,75,0,0,50,78,2,1,190,INSTALLED,GOOD,FOR_SALE,Rue Alfred Defuisseaux,5.5026769,50.6331516
https://www.immoweb.be/en/classified/apartment/for-sale/diksmuide/8600/20408259,20408259,Diksmuide,8600,175000,APARTMENT,APARTMENT,2,79,,0,null,null,2,0,,,GOOD,FOR_SALE,Keiemdorpstraat,2.8817661,51.0797208
https://www.immoweb.be/en/classified/apartment/for-sale/diksmuide/8600/20407725,20407725,Diksmuide,8600,286500,APARTMENT,APARTMENT,2,98,,0,73,null,2,0,,,AS_NEW,FOR_SALE,Esenweg,2.8720877,51.0326512
https://www.immoweb.be/en/classified/house/for-sale/diksmuide/8600/20407636,20407636,Diksmuide,8600,209000,HOUSE,HOUSE,3,159,,0,13,null,0,0,110,,GOOD,FOR_SALE,Koning Albertstraat,2.8636654,51.0319994
https://www.immoweb.be/en/classified/house/for-sale/grace-hollogne/4460/20196352,20196352,GRÂCE-HOLLOGNE,4460,285000,HOUSE,HOUSE,3,105,,0,40,160,2,0,360,INSTALLED,JUST_RENOVATED,FOR_SALE,Rue des Meuniers,5.5016991,50.6256269
https://www.immoweb.be/en/classified/apartment/for-sale/sint-amandsberg/9040/11435517,11435517,SINT-AMANDSBERG,9040,290000,APARTMENT,APARTMENT,2,94,,0,null,null,0,0,,INSTALLED,TO_BE_DONE_UP,FOR_SALE,Victor Braeckmanlaan,3.7576856,51.0611749
https://www.immoweb.be/en/classified/apartment/for-sale/gent/9040/20407261,20407261,Gent,9040,329000,APARTMENT,APARTMENT,2,87,0,0,,null,2,1,,HYPER_EQUIPPED,GOOD,FOR_SALE,Scaldisstraat,3.7617024,51.0493843
https://www.immoweb.be/en/classified/duplex/for-sale/zaventem/1930/20408254,20408254,Zaventem,1930,359000,APARTMENT,DUPLEX,3,130,,0,15,null,0,0,,INSTALLED,TO_RENOVATE,FOR_SALE,de Selliersstraat,4.4690235,50.8838519
https://www.immoweb.be/en/classified/house/for-sale/grace-hollogne/4460/20238203,20238203,GRÂCE-HOLLOGNE,4460,219000,HOUSE,HOUSE,2,94,,0,21,315,3,0,466,INSTALLED,GOOD,FOR_SALE,Rue des Meuniers,5.5044364,50.6275858
https://www.immoweb.be/en/classified/house/for-sale/maldegem/9990/10934759,10934759,Maldegem,9990,149000,HOUSE,HOUSE,3,191,,0,null,null,2,0,130,,TO_RENOVATE,FOR_SALE,Edestraat,3.4469696,51.21047429999999
https://www.immoweb.be/en/classified/apartment/for-sale/de-haan/8420/20407700,20407700,De Haan,8420,65000,APARTMENT,APARTMENT,1,32,,0,null,null,0,0,,,TO_BE_DONE_UP,FOR_SALE,Torenhofstraat,2.9994088,51.2571429
https://www.immoweb.be/en/classified/house/for-sale/ladeuze/7950/20408366,20408366,LADEUZE,7950,185000,HOUSE,HOUSE,3,140,,0,null,null,2,0,542,NOT_INSTALLED,GOOD,FOR_SALE,Grande Drève,3.7709801,50.5690612
https://www.immoweb.be/en/classified/house/for-sale/antwerpen-2018/2018/20407423,20407423,Antwerpen (2018),2018,349000,HOUSE,HOUSE,5,180,0,0,null,null,0,0,180,INSTALLED,TO_RENOVATE,FOR_SALE,Politeshofstraat,4.3937077,51.1981613
https://www.immoweb.be/en/classified/house/for-sale/damme/8340/20407773,20407773,Damme,8340,850000,HOUSE,HOUSE,4,,,0,,null,4,0,10000,,,FOR_SALE,Vierscharestraat,3.3042,51.2282319
https://www.immoweb.be/en/classified/house/for-sale/lapscheure/8340/20017334,20017334,LAPSCHEURE,8340,999000,HOUSE,HOUSE,7,309,1,0,,null,2,0,1661,INSTALLED,,FOR_SALE,Hoogstraat,3.3593901,51.2797679
https://www.immoweb.be/en/classified/villa/for-sale/damme/8340/20357281,20357281,Damme,8340,558000,HOUSE,VILLA,3,220,0,0,,null,4,0,352,HYPER_EQUIPPED,AS_NEW,FOR_SALE,Hoornmolenstraat,3.378013,51.2530398
https://www.immoweb.be/en/classified/apartment/for-sale/damme/8340/20337341,20337341,Damme,8340,260000,APARTMENT,APARTMENT,2,102,,0,null,null,0,0,,,GOOD,FOR_SALE,Stationsstraat,3.3197598,51.2042008
https://www.immoweb.be/en/classified/apartment-block/for-sale/la-hulpe/1310/20217663,20217663,La Hulpe,1310,985000,HOUSE,APARTMENT_BLOCK,5,385,0,0,30,622,2,1,622,HYPER_EQUIPPED,GOOD,FOR_SALE,,,
https://www.immoweb.be/en/classified/mixed-use-building/for-sale/la-hulpe/1310/20217662,20217662,La Hulpe,1310,985000,HOUSE,MIXED_USE_BUILDING,5,385,0,0,30,622,2,1,622,HYPER_EQUIPPED,GOOD,FOR_SALE,,,
https://www.immoweb.be/en/classified/mixed-use-building/for-sale/lummen/3560/20404210,20404210,Lummen,3560,790000,HOUSE,MIXED_USE_BUILDING,4,425,,0,,null,4,0,6700,INSTALLED,AS_NEW,FOR_SALE,Zelemsebaan,5.141219,50.9982589
https://www.immoweb.be/en/classified/exceptional-property/for-sale/frameries-eugies/7080/20231212,20231212,Frameries Eugies,7080,330000,HOUSE,EXCEPTIONAL_PROPERTY,3,200,,0,60,1900,4,1,2209,INSTALLED,GOOD,FOR_SALE,,,
https://www.immoweb.be/en/classified/apartment/for-sale/durbuy/6940/20085561,20085561,Durbuy,6940,169000,APARTMENT,APARTMENT,2,100,0,0,null,null,3,1,,INSTALLED,GOOD,FOR_SALE,Rue de Lantigné,5.4424823,50.3389501
https://www.immoweb.be/en/classified/house/for-sale/evergem/9940/20408253,20408253,Evergem,9940,598000,HOUSE,HOUSE,5,,,0,,null,0,0,1797,,TO_BE_DONE_UP,FOR_SALE,Reibroekstraat,3.707137,51.1146835
https://www.immoweb.be/en/classified/house/for-sale/lummen/3560/20337967,20337967,Lummen,3560,295000,HOUSE,HOUSE,3,173,,0,null,1250,4,0,1400,,TO_BE_DONE_UP,FOR_SALE,Schalbroekstraat,5.1748043,50.9769844
https://www.immoweb.be/en/classified/house/for-sale/ertvelde/9940/20406860,20406860,ERTVELDE,9940,329000,HOUSE,HOUSE,2,,,0,,null,3,0,225,INSTALLED,GOOD,FOR_SALE,Riemesteenweg,3.7712358,51.1755888
https://www.immoweb.be/en/classified/villa/for-sale/oostkerke/8340/20317384,20317384,Oostkerke,8340,1195000,HOUSE,VILLA,4,336,0,0,,null,4,0,924,HYPER_EQUIPPED,AS_NEW,FOR_SALE,Sint-Guthagostraat,3.2958201,51.2785987
https://www.immoweb.be/en/classified/apartment/for-sale/damme/8340/20337340,20337340,Damme,8340,330000,APARTMENT,APARTMENT,2,87,,0,8,null,0,0,,,GOOD,FOR_SALE,Stationsstraat,3.3168575,51.2087769
https://www.immoweb.be/en/classified/house/for-sale/durbuy/6940/20402556,20402556,Durbuy,6940,250000,HOUSE,HOUSE,4,200,0,0,null,null,3,1,117,,,FOR_SALE,Place Vendôme,5.5127956,50.4014141
https://www.immoweb.be/en/classified/house/for-sale/schaerbeek/1030/20348229,20348229,Schaerbeek,1030,550000,HOUSE,HOUSE,4,170,0,0,13,null,2,1,67,INSTALLED,GOOD,FOR_SALE,Avenue Milcamps,4.393201299999999,50.8484084
https://www.immoweb.be/en/classified/apartment-block/for-sale/chenee/4032/20212148,20212148,CHÊNEE,4032,265000,HOUSE,APARTMENT_BLOCK,0,123,,0,,null,2,0,0,INSTALLED,GOOD,FOR_SALE,Rue des Grands-Prés,5.614235499999999,50.6073643
https://www.immoweb.be/en/classified/house/for-sale/gistel/8470/20278276,20278276,Gistel,8470,599000,HOUSE,HOUSE,4,427,,0,,null,2,0,752,,AS_NEW,FOR_SALE,Kalsijdebrug,2.9124773,51.1739745
https://www.immoweb.be/en/classified/house/for-sale/avelgem/8580/20407893,20407893,AVELGEM,8580,199500,HOUSE,HOUSE,3,150,,0,,null,0,0,104,,,FOR_SALE,Doorniksesteenweg,3.4441408,50.7687393
https://www.immoweb.be/en/classified/house/for-sale/zwijnaarde/9052/20407843,20407843,Zwijnaarde,9052,549000,HOUSE,HOUSE,4,192,0,0,16,75,0,0,0,INSTALLED,GOOD,FOR_SALE,Heerweg-Zuid,3.7070249,50.9969529
https://www.immoweb.be/en/classified/house/for-sale/zwijnaarde/9052/20407837,20407837,Zwijnaarde,9052,549000,HOUSE,HOUSE,4,192,0,0,16,75,0,0,0,INSTALLED,GOOD,FOR_SALE,Heerweg-Zuid,3.7070249,50.9969529
https://www.immoweb.be/en/classified/house/for-sale/zwijnaarde/9052/20408010,20408010,ZWIJNAARDE,9052,225000,HOUSE,HOUSE,3,80,,0,40,null,3,0,100,NOT_INSTALLED,TO_RENOVATE,FOR_SALE,Nieuwescheldestraat,3.7232882,51.0033919
https://www.immoweb.be/en/classified/house/for-sale/avelgem/8580/11364326,11364326,Avelgem,8580,220000,HOUSE,HOUSE,4,268,0,0,,null,2,1,247,,,FOR_SALE,Doorniksesteenweg,3.4446984,50.7755514
https://www.immoweb.be/en/classified/house/for-sale/zwijnaarde/9052/20407804,20407804,Zwijnaarde,9052,549000,HOUSE,HOUSE,4,192,0,0,16,75,0,0,0,INSTALLED,GOOD,FOR_SALE,Heerweg-Zuid,3.7070249,50.9969529
https://www.immoweb.be/en/classified/house/for-sale/mons-jemappes/7012/20407368,20407368,Mons Jemappes,7012,139500,HOUSE,HOUSE,3,101,0,0,15,37,4,1,94,SEMI_EQUIPPED,GOOD,FOR_SALE,Rue de la Petite Sorcière,3.8732842,50.44420909999999
https://www.immoweb.be/en/classified/apartment/for-sale/antwerpen/2050/20400544,20400544,ANTWERPEN,2050,240000,APARTMENT,APARTMENT,2,83,,0,6,null,2,0,,HYPER_EQUIPPED,JUST_RENOVATED,FOR_SALE,Halewijnlaan,4.3786828,51.2210769
https://www.immoweb.be/en/classified/apartment/for-sale/antwerpen-linkeroever/2050/20331504,20331504,Antwerpen Linkeroever,2050,249000,APARTMENT,APARTMENT,2,104,0,0,2,null,2,1,,INSTALLED,TO_BE_DONE_UP,FOR_SALE,Heer Van Bergenstraat,4.3794694,51.2194267
https://www.immoweb.be/en/classified/house/for-sale/heist-op-den-berg/2220/20408159,20408159,Heist-op-den-Berg,2220,260000,HOUSE,HOUSE,3,127,,0,null,null,0,0,380,INSTALLED,TO_RENOVATE,FOR_SALE,Molenstraat,4.7211438,51.0813406
https://www.immoweb.be/en/classified/house/for-sale/borgloon/3840/20407886,20407886,BORGLOON,3840,259000,HOUSE,HOUSE,3,126,,0,,null,4,0,780,SEMI_EQUIPPED,TO_BE_DONE_UP,FOR_SALE,Broekomstraat,5.3358764,50.7898422
https://www.immoweb.be/en/classified/apartment/for-sale/antwerpen/2050/20401019,20401019,Antwerpen,2050,289900,APARTMENT,APARTMENT,3,98,0,0,9,null,2,1,,INSTALLED,GOOD,FOR_SALE,Galgenweellaan,4.3780316,51.21785149999999
https://www.immoweb.be/en/classified/apartment/for-sale/zwijnaarde/9052/20407758,20407758,Zwijnaarde,9052,369000,APARTMENT,APARTMENT,2,93,0,0,10,null,0,0,,INSTALLED,GOOD,FOR_SALE,Heerweg-Zuid,3.7070249,50.9969529
https://www.immoweb.be/en/classified/house/for-sale/antwerpen/2050/20402835,20402835,Antwerpen,2050,435000,HOUSE,HOUSE,3,120,,0,null,60,3,0,112,,AS_NEW,FOR_SALE,Zeilsportplein,4.3669785,51.2179057
https://www.immoweb.be/en/classified/house/for-sale/zwijnaarde/9052/20407729,20407729,Zwijnaarde,9052,535000,HOUSE,HOUSE,4,180,0,0,17,79,0,0,0,INSTALLED,GOOD,FOR_SALE,Heerweg-Zuid,3.7070249,50.9969529
https://www.immoweb.be/en/classified/apartment/for-sale/eeklo/9900/20407394,20407394,Eeklo,9900,165000,APARTMENT,APARTMENT,2,75,0,0,,null,0,1,,INSTALLED,TO_BE_DONE_UP,FOR_SALE,Stationsstraat,3.567911,51.183841
https://www.immoweb.be/en/classified/apartment/for-sale/eeklo/9900/20406643,20406643,Eeklo,9900,255000,APARTMENT,APARTMENT,2,100,,0,,null,0,0,,,,FOR_SALE,Zuidmoerstraat,3.5619462,51.1824332
https://www.immoweb.be/en/classified/villa/for-sale/de-pinte/9840/20407918,20407918,De Pinte,9840,765000,HOUSE,VILLA,4,241,0,0,null,null,4,1,2671,HYPER_EQUIPPED,AS_NEW,FOR_SALE,Heirweg,3.6437016,50.9745717
https://www.immoweb.be/en/classified/house/for-sale/izegem/8870/20407825,20407825,Izegem,8870,299000,HOUSE,HOUSE,1,278,0,0,,null,0,0,319,INSTALLED,JUST_RENOVATED,FOR_SALE,Meensesteenweg,3.1921612,50.9017351
https://www.immoweb.be/en/classified/house/for-sale/de-pinte/9840/11100297,11100297,De Pinte,9840,407046,HOUSE,HOUSE,3,,0,0,null,null,0,1,618,INSTALLED,GOOD,FOR_SALE,Azaleastraat,3.6667919,50.98570369999999
https://www.immoweb.be/en/classified/house/for-sale/sint-niklaas/9100/20326156,20326156,SINT-NIKLAAS,9100,205000,HOUSE,HOUSE,3,147,,0,null,181,2,0,311,SEMI_EQUIPPED,TO_RENOVATE,FOR_SALE,Plezantstraat,4.1247481,51.1727195
https://www.immoweb.be/en/classified/house/for-sale/anlier/6721/20408287,20408287,Anlier,6721,480000,HOUSE,HOUSE,5,350,0,0,30,null,2,0,627,INSTALLED,GOOD,FOR_SALE,rue de maou,5.6205318,49.77182699999999
https://www.immoweb.be/en/classified/service-flat/for-sale/herent/3020/20406760,20406760,HERENT,3020,350000,APARTMENT,SERVICE_FLAT,2,82,,0,7,null,3,0,,INSTALLED,,FOR_SALE,Notelarenweg,4.672518,50.909426
https://www.immoweb.be/en/classified/house/for-sale/eeklo/9900/20407841,20407841,Eeklo,9900,379000,HOUSE,HOUSE,3,117,0,0,null,null,0,0,275,INSTALLED,GOOD,FOR_SALE,AVS-straat,3.5867348,51.1783149
https://www.immoweb.be/en/classified/house/for-sale/herent/3020/20408095,20408095,Herent,3020,672000,HOUSE,HOUSE,5,422,0,0,,null,4,1,1191,,,FOR_SALE,Predikherenberg,4.667993699999999,50.8810249
https://www.immoweb.be/en/classified/house/for-sale/charleroi/6010/10977968,10977968,Charleroi,6010,149000,HOUSE,HOUSE,4,170,0,0,null,null,2,0,0,NOT_INSTALLED,TO_BE_DONE_UP,FOR_SALE,Rue Lombard,4.4759524,50.3907131
https://www.immoweb.be/en/classified/apartment/for-sale/eeklo/9900/20406904,20406904,Eeklo,9900,205000,APARTMENT,APARTMENT,2,97,,0,,null,0,0,,INSTALLED,GOOD,FOR_SALE,Kerkstraat,3.5674498,51.1850877
https://www.immoweb.be/en/classified/apartment/for-sale/eeklo/9900/20406935,20406935,Eeklo,9900,205000,APARTMENT,APARTMENT,2,97,,0,,null,0,0,,INSTALLED,GOOD,FOR_SALE,Kerkstraat,3.5674498,51.1850877
https://www.immoweb.be/en/classified/house/for-sale/anderlues/6150/20259305,20259305,Anderlues,6150,220000,HOUSE,HOUSE,4,188,,0,null,null,,0,891,,,FOR_SALE,Chaussée de Thuin,4.2862082,50.4042258
https://www.immoweb.be/en/classified/apartment/for-sale/arlon/6700/20406884,20406884,Arlon,6700,270000,APARTMENT,APARTMENT,2,109,0,0,null,null,2,1,,,,FOR_SALE,Rue du Palais de Justice,5.8123811,49.6835438
https://www.immoweb.be/en/classified/apartment/for-sale/eeklo/9900/20407851,20407851,Eeklo,9900,349000,APARTMENT,APARTMENT,2,100,0,0,,null,0,0,,HYPER_EQUIPPED,AS_NEW,FOR_SALE,Leopoldlaan,3.5481392,51.1926327
https://www.immoweb.be/en/classified/house/for-sale/eeklo/9900/20407412,20407412,Eeklo,9900,145000,HOUSE,HOUSE,3,95,0,0,,null,2,1,188,SEMI_EQUIPPED,TO_BE_DONE_UP,FOR_SALE,Prinsenhofstraat,3.5671845,51.1860761
https://www.immoweb.be/en/classified/exceptional-property/for-sale/liedekerke/1770/20083022,20083022,Liedekerke,1770,849000,HOUSE,EXCEPTIONAL_PROPERTY,5,448,0,0,60,535,4,1,1043,HYPER_EQUIPPED,AS_NEW,FOR_SALE,Meregrachtstraat,4.0912561,50.8702826
https://www.immoweb.be/en/classified/apartment/for-sale/eeklo/9900/20407400,20407400,Eeklo,9900,195000,APARTMENT,APARTMENT,2,83,0,0,,null,0,1,,INSTALLED,TO_BE_DONE_UP,FOR_SALE,Stationsstraat,3.567911,51.183841
https://www.immoweb.be/en/classified/apartment/for-sale/tervueren/3080/11406112,11406112,Tervueren,3080,499000,APARTMENT,APARTMENT,3,99,,0,null,null,0,1,,,,FOR_SALE,Brusselsesteenweg,4.506029799999999,50.823293
https://www.immoweb.be/en/classified/house/for-sale/neupre/4121/20401549,20401549,Neupré,4121,295000,HOUSE,HOUSE,2,135,,0,20,200,2,1,367,INSTALLED,GOOD,FOR_SALE,Chaussée De Marche,5.4509339,50.5523052
https://www.immoweb.be/en/classified/house/for-sale/flemalle-haute/4400/11324702,11324702,FLÉMALLE-HAUTE,4400,165000,HOUSE,HOUSE,3,122,,0,43,170,2,0,328,SEMI_EQUIPPED,TO_RENOVATE,FOR_SALE,Route de Souxhon,5.455118,50.6075274
https://www.immoweb.be/en/classified/apartment/for-sale/tervueren/3080/11406067,11406067,Tervueren,3080,360000,APARTMENT,APARTMENT,1,75,,0,null,null,0,1,,,,FOR_SALE,Brusselsesteenweg,4.506029799999999,50.823293
https://www.immoweb.be/en/classified/apartment/for-sale/tervueren/3080/11406093,11406093,Tervueren,3080,480000,APARTMENT,APARTMENT,2,90,,0,null,null,0,1,,,,FOR_SALE,Brusselsesteenweg,4.506029799999999,50.823293
